# 1/4-20 hex nut for the Bean Delivery System.
# Generated from hex-nut-quarter-20.obj: internal thread removed,
# vertices welded, centred, normalised to a 1.0 bounding box.
o nut
v 0.433013 -0.216508 0.000000
v 0.500000 -0.181406 0.000000
v 0.432947 -0.216508 0.007557
v 0.495011 -0.183980 0.008641
v 0.500000 0.181406 0.000000
v 0.495011 0.183980 0.008641
v 0.433013 0.216508 0.000000
v 0.432947 0.216508 0.007557
v 0.432749 -0.216508 0.015112
v 0.490119 -0.186427 0.017115
v 0.490119 0.186427 0.017115
v 0.432749 0.216508 0.015112
v 0.432419 -0.216508 0.022662
v 0.485316 -0.188752 0.025434
v 0.485316 0.188752 0.025434
v 0.432419 0.216508 0.022662
v 0.431958 -0.216508 0.030205
v 0.480597 -0.190958 0.033607
v 0.480597 0.190958 0.033607
v 0.431958 0.216508 0.030205
v 0.431365 -0.216508 0.037740
v 0.475959 -0.193051 0.041641
v 0.475959 0.193051 0.041641
v 0.431365 0.216508 0.037740
v 0.430641 -0.216508 0.045262
v 0.471395 -0.195035 0.049546
v 0.471395 0.195035 0.049546
v 0.430641 0.216508 0.045262
v 0.429785 -0.216508 0.052771
v 0.466902 -0.196913 0.057328
v 0.466902 0.196913 0.057328
v 0.429785 0.216508 0.052771
v 0.428799 -0.216508 0.060264
v 0.462474 -0.198688 0.064996
v 0.462474 0.198688 0.064996
v 0.428799 0.216508 0.060264
v 0.427682 -0.216508 0.067738
v 0.458109 -0.200365 0.072557
v 0.458109 0.200365 0.072557
v 0.427682 0.216508 0.067738
v 0.426434 -0.216508 0.075192
v 0.453802 -0.201946 0.080018
v 0.453802 0.201946 0.080018
v 0.426434 0.216508 0.075192
v 0.425057 -0.216508 0.082623
v 0.449549 -0.203434 0.087384
v 0.449549 0.203434 0.087384
v 0.425057 0.216508 0.082623
v 0.423550 -0.216508 0.090028
v 0.445347 -0.204831 0.094661
v 0.445347 0.204831 0.094661
v 0.423550 0.216508 0.090028
v 0.421915 -0.216508 0.097407
v 0.441193 -0.206141 0.101857
v 0.441193 0.206141 0.101857
v 0.421915 0.216508 0.097407
v 0.420150 -0.216508 0.104755
v 0.437082 -0.207364 0.108977
v 0.437082 0.207364 0.108977
v 0.420150 0.216508 0.104755
v 0.418258 -0.216508 0.112072
v 0.433013 -0.208504 0.116025
v 0.433013 0.208504 0.116025
v 0.418258 0.216508 0.112072
v 0.416239 -0.216508 0.119355
v 0.428981 -0.209562 0.123008
v 0.428981 0.209562 0.123008
v 0.416239 0.216508 0.119355
v 0.414092 -0.216508 0.126601
v 0.424984 -0.210540 0.129931
v 0.424984 0.210540 0.129931
v 0.414092 0.216508 0.126601
v 0.411820 -0.216508 0.133808
v 0.421020 -0.211439 0.136798
v 0.421020 0.211439 0.136798
v 0.411820 0.216508 0.133808
v 0.409422 -0.216508 0.140975
v 0.417085 -0.212261 0.143614
v 0.417085 0.212261 0.143614
v 0.409422 0.216508 0.140975
v 0.406899 -0.216508 0.148099
v 0.413176 -0.213008 0.150384
v 0.413176 0.213008 0.150384
v 0.406899 0.216508 0.148099
v 0.404252 -0.216508 0.155178
v 0.409291 -0.213680 0.157112
v 0.409291 0.213680 0.157112
v 0.404252 0.216508 0.155178
v 0.401482 -0.216508 0.162209
v 0.405428 -0.214278 0.163803
v 0.405428 0.214278 0.163803
v 0.401482 0.216508 0.162209
v 0.398590 -0.216508 0.169191
v 0.401584 -0.214804 0.170462
v 0.401584 0.214804 0.170462
v 0.398590 0.216508 0.169191
v 0.395577 -0.216508 0.176122
v 0.397756 -0.215258 0.177092
v 0.397756 0.215258 0.177092
v 0.395577 0.216508 0.176122
v 0.392443 -0.216508 0.182999
v 0.393942 -0.215642 0.183698
v 0.393942 0.215642 0.183698
v 0.392443 0.216508 0.182999
v 0.389189 -0.216508 0.189820
v 0.390140 -0.215954 0.190284
v 0.390140 0.215954 0.190284
v 0.389189 0.216508 0.189820
v 0.385817 -0.216508 0.196584
v 0.386347 -0.216197 0.196853
v 0.386347 0.216197 0.196853
v 0.385817 0.216508 0.196584
v 0.382327 -0.216508 0.203287
v 0.382561 -0.216370 0.203411
v 0.382561 0.216370 0.203411
v 0.382327 0.216508 0.203287
v 0.378721 -0.216508 0.209929
v 0.378779 -0.216474 0.209961
v 0.378779 0.216474 0.209961
v 0.378721 0.216508 0.209929
v 0.375000 -0.216508 0.216506
v 0.375000 0.216508 0.216506
v 0.371164 -0.216508 0.223018
v 0.371221 -0.216474 0.223052
v 0.371221 0.216474 0.223052
v 0.371164 0.216508 0.223018
v 0.367216 -0.216508 0.229462
v 0.367439 -0.216370 0.229602
v 0.367439 0.216370 0.229602
v 0.367216 0.216508 0.229462
v 0.363155 -0.216508 0.235836
v 0.363653 -0.216197 0.236159
v 0.363653 0.216197 0.236159
v 0.363155 0.216508 0.235836
v 0.358984 -0.216508 0.242138
v 0.359860 -0.215954 0.242729
v 0.359860 0.215954 0.242729
v 0.358984 0.216508 0.242138
v 0.354703 -0.216508 0.248366
v 0.356058 -0.215642 0.249315
v 0.356058 0.215642 0.249315
v 0.354703 0.216508 0.248366
v 0.350315 -0.216508 0.254518
v 0.352244 -0.215258 0.255920
v 0.352244 0.215258 0.255920
v 0.350315 0.216508 0.254518
v 0.345819 -0.216508 0.260594
v 0.348416 -0.214804 0.262551
v 0.348416 0.214804 0.262551
v 0.345819 0.216508 0.260594
v 0.341219 -0.216508 0.266589
v 0.344572 -0.214278 0.269209
v 0.344572 0.214278 0.269209
v 0.341219 0.216508 0.266589
v 0.336514 -0.216508 0.272504
v 0.340709 -0.213680 0.275900
v 0.340709 0.213680 0.275900
v 0.336514 0.216508 0.272504
v 0.331707 -0.216508 0.278335
v 0.336824 -0.213008 0.282629
v 0.336824 0.213008 0.282629
v 0.331707 0.216508 0.278335
v 0.326799 -0.216508 0.284082
v 0.332915 -0.212261 0.289399
v 0.332915 0.212261 0.289399
v 0.326799 0.216508 0.284082
v 0.321791 -0.216508 0.289742
v 0.328980 -0.211439 0.296215
v 0.328980 0.211439 0.296215
v 0.321791 0.216508 0.289742
v 0.316685 -0.216508 0.295314
v 0.325016 -0.210540 0.303082
v 0.325016 0.210540 0.303082
v 0.316685 0.216508 0.295314
v 0.311483 -0.216508 0.300796
v 0.321019 -0.209562 0.310004
v 0.321019 0.209562 0.310004
v 0.311483 0.216508 0.300796
v 0.306186 -0.216508 0.306186
v 0.316987 -0.208504 0.316987
v 0.316987 0.208504 0.316987
v 0.306186 0.216508 0.306186
v 0.300796 -0.216508 0.311483
v 0.312918 -0.207364 0.324036
v 0.312918 0.207364 0.324036
v 0.300796 0.216508 0.311483
v 0.295314 -0.216508 0.316685
v 0.308807 -0.206141 0.331155
v 0.308807 0.206141 0.331155
v 0.295314 0.216508 0.316685
v 0.289742 -0.216508 0.321791
v 0.304653 -0.204831 0.338351
v 0.304653 0.204831 0.338351
v 0.289742 0.216508 0.321791
v 0.284082 -0.216508 0.326799
v 0.300451 -0.203434 0.345629
v 0.300451 0.203434 0.345629
v 0.284082 0.216508 0.326799
v 0.278335 -0.216508 0.331707
v 0.296198 -0.201946 0.352995
v 0.296198 0.201946 0.352995
v 0.278335 0.216508 0.331707
v 0.272504 -0.216508 0.336514
v 0.291891 -0.200365 0.360455
v 0.291891 0.200365 0.360455
v 0.272504 0.216508 0.336514
v 0.266589 -0.216508 0.341219
v 0.287526 -0.198688 0.368016
v 0.287526 0.198688 0.368016
v 0.266589 0.216508 0.341219
v 0.260594 -0.216508 0.345819
v 0.283098 -0.196913 0.375684
v 0.283098 0.196913 0.375684
v 0.260594 0.216508 0.345819
v 0.254518 -0.216508 0.350315
v 0.278605 -0.195035 0.383467
v 0.278605 0.195035 0.383467
v 0.254518 0.216508 0.350315
v 0.248366 -0.216508 0.354703
v 0.274041 -0.193051 0.391372
v 0.274041 0.193051 0.391372
v 0.248366 0.216508 0.354703
v 0.242138 -0.216508 0.358984
v 0.269403 -0.190958 0.399406
v 0.269403 0.190958 0.399406
v 0.242138 0.216508 0.358984
v 0.235836 -0.216508 0.363155
v 0.264684 -0.188752 0.407578
v 0.264684 0.188752 0.407578
v 0.235836 0.216508 0.363155
v 0.229462 -0.216508 0.367216
v 0.259881 -0.186427 0.415897
v 0.259881 0.186427 0.415897
v 0.229462 0.216508 0.367216
v 0.223018 -0.216508 0.371164
v 0.254989 -0.183980 0.424372
v 0.254989 0.183980 0.424372
v 0.223018 0.216508 0.371164
v 0.216506 -0.216508 0.375000
v 0.250000 -0.181406 0.433013
v 0.250000 0.181406 0.433013
v 0.216506 0.216508 0.375000
v 0.209929 -0.216508 0.378721
v 0.240023 -0.183980 0.433013
v 0.240023 0.183980 0.433013
v 0.209929 0.216508 0.378721
v 0.203287 -0.216508 0.382327
v 0.230237 -0.186427 0.433013
v 0.230237 0.186427 0.433013
v 0.203287 0.216508 0.382327
v 0.196584 -0.216508 0.385817
v 0.220631 -0.188752 0.433013
v 0.220631 0.188752 0.433013
v 0.196584 0.216508 0.385817
v 0.189820 -0.216508 0.389189
v 0.211194 -0.190958 0.433013
v 0.211194 0.190958 0.433013
v 0.189820 0.216508 0.389189
v 0.182999 -0.216508 0.392443
v 0.201917 -0.193051 0.433013
v 0.201917 0.193051 0.433013
v 0.182999 0.216508 0.392443
v 0.176122 -0.216508 0.395577
v 0.192790 -0.195035 0.433013
v 0.192790 0.195035 0.433013
v 0.176122 0.216508 0.395577
v 0.169191 -0.216508 0.398590
v 0.183803 -0.196913 0.433013
v 0.183803 0.196913 0.433013
v 0.169191 0.216508 0.398590
v 0.162209 -0.216508 0.401482
v 0.174949 -0.198688 0.433013
v 0.174949 0.198688 0.433013
v 0.162209 0.216508 0.401482
v 0.155178 -0.216508 0.404252
v 0.166218 -0.200365 0.433013
v 0.166218 0.200365 0.433013
v 0.155178 0.216508 0.404252
v 0.148099 -0.216508 0.406899
v 0.157604 -0.201946 0.433013
v 0.157604 0.201946 0.433013
v 0.148099 0.216508 0.406899
v 0.140975 -0.216508 0.409422
v 0.149098 -0.203434 0.433013
v 0.149098 0.203434 0.433013
v 0.140975 0.216508 0.409422
v 0.133808 -0.216508 0.411820
v 0.140694 -0.204831 0.433013
v 0.140694 0.204831 0.433013
v 0.133808 0.216508 0.411820
v 0.126601 -0.216508 0.414092
v 0.132385 -0.206141 0.433013
v 0.132385 0.206141 0.433013
v 0.126601 0.216508 0.414092
v 0.119355 -0.216508 0.416239
v 0.124164 -0.207364 0.433013
v 0.124164 0.207364 0.433013
v 0.119355 0.216508 0.416239
v 0.112072 -0.216508 0.418258
v 0.116025 -0.208504 0.433013
v 0.116025 0.208504 0.433013
v 0.112072 0.216508 0.418258
v 0.104755 -0.216508 0.420150
v 0.107962 -0.209562 0.433013
v 0.107962 0.209562 0.433013
v 0.104755 0.216508 0.420150
v 0.097407 -0.216508 0.421915
v 0.099969 -0.210540 0.433013
v 0.099969 0.210540 0.433013
v 0.097407 0.216508 0.421915
v 0.090028 -0.216508 0.423550
v 0.092040 -0.211439 0.433013
v 0.092040 0.211439 0.433013
v 0.090028 0.216508 0.423550
v 0.082623 -0.216508 0.425057
v 0.084169 -0.212261 0.433013
v 0.084169 0.212261 0.433013
v 0.082623 0.216508 0.425057
v 0.075192 -0.216508 0.426434
v 0.076352 -0.213008 0.433013
v 0.076352 0.213008 0.433013
v 0.075192 0.216508 0.426434
v 0.067738 -0.216508 0.427682
v 0.068583 -0.213680 0.433013
v 0.068583 0.213680 0.433013
v 0.067738 0.216508 0.427682
v 0.060264 -0.216508 0.428799
v 0.060856 -0.214278 0.433013
v 0.060856 0.214278 0.433013
v 0.060264 0.216508 0.428799
v 0.052771 -0.216508 0.429785
v 0.053167 -0.214804 0.433013
v 0.053167 0.214804 0.433013
v 0.052771 0.216508 0.429785
v 0.045262 -0.216508 0.430641
v 0.045512 -0.215258 0.433013
v 0.045512 0.215258 0.433013
v 0.045262 0.216508 0.430641
v 0.037740 -0.216508 0.431365
v 0.037884 -0.215642 0.433013
v 0.037884 0.215642 0.433013
v 0.037740 0.216508 0.431365
v 0.030205 -0.216508 0.431958
v 0.030279 -0.215954 0.433013
v 0.030279 0.215954 0.433013
v 0.030205 0.216508 0.431958
v 0.022662 -0.216508 0.432419
v 0.022693 -0.216197 0.433013
v 0.022693 0.216197 0.433013
v 0.022662 0.216508 0.432419
v 0.015112 -0.216508 0.432749
v 0.015121 -0.216370 0.433013
v 0.015121 0.216370 0.433013
v 0.015112 0.216508 0.432749
v 0.007557 -0.216508 0.432947
v 0.007558 -0.216474 0.433013
v 0.007558 0.216474 0.433013
v 0.007557 0.216508 0.432947
v 0.000000 -0.216508 0.433013
v 0.000000 0.216508 0.433013
v -0.007557 -0.216508 0.432947
v -0.007558 -0.216474 0.433013
v -0.007558 0.216474 0.433013
v -0.007557 0.216508 0.432947
v -0.015112 -0.216508 0.432749
v -0.015121 -0.216370 0.433013
v -0.015121 0.216370 0.433013
v -0.015112 0.216508 0.432749
v -0.022662 -0.216508 0.432419
v -0.022693 -0.216197 0.433013
v -0.022693 0.216197 0.433013
v -0.022662 0.216508 0.432419
v -0.030205 -0.216508 0.431958
v -0.030279 -0.215954 0.433013
v -0.030279 0.215954 0.433013
v -0.030205 0.216508 0.431958
v -0.037740 -0.216508 0.431365
v -0.037884 -0.215642 0.433013
v -0.037884 0.215642 0.433013
v -0.037740 0.216508 0.431365
v -0.045262 -0.216508 0.430641
v -0.045512 -0.215258 0.433013
v -0.045512 0.215258 0.433013
v -0.045262 0.216508 0.430641
v -0.052771 -0.216508 0.429785
v -0.053167 -0.214804 0.433013
v -0.053167 0.214804 0.433013
v -0.052771 0.216508 0.429785
v -0.060264 -0.216508 0.428799
v -0.060856 -0.214278 0.433013
v -0.060856 0.214278 0.433013
v -0.060264 0.216508 0.428799
v -0.067738 -0.216508 0.427682
v -0.068583 -0.213680 0.433013
v -0.068583 0.213680 0.433013
v -0.067738 0.216508 0.427682
v -0.075192 -0.216508 0.426434
v -0.076352 -0.213008 0.433013
v -0.076352 0.213008 0.433013
v -0.075192 0.216508 0.426434
v -0.082623 -0.216508 0.425057
v -0.084169 -0.212261 0.433013
v -0.084169 0.212261 0.433013
v -0.082623 0.216508 0.425057
v -0.090028 -0.216508 0.423550
v -0.092040 -0.211439 0.433013
v -0.092040 0.211439 0.433013
v -0.090028 0.216508 0.423550
v -0.097407 -0.216508 0.421915
v -0.099969 -0.210540 0.433013
v -0.099969 0.210540 0.433013
v -0.097407 0.216508 0.421915
v -0.104755 -0.216508 0.420150
v -0.107962 -0.209562 0.433013
v -0.107962 0.209562 0.433013
v -0.104755 0.216508 0.420150
v -0.112072 -0.216508 0.418258
v -0.116025 -0.208504 0.433013
v -0.116025 0.208504 0.433013
v -0.112072 0.216508 0.418258
v -0.119355 -0.216508 0.416239
v -0.124164 -0.207364 0.433013
v -0.124164 0.207364 0.433013
v -0.119355 0.216508 0.416239
v -0.126601 -0.216508 0.414092
v -0.132385 -0.206141 0.433013
v -0.132385 0.206141 0.433013
v -0.126601 0.216508 0.414092
v -0.133808 -0.216508 0.411820
v -0.140694 -0.204831 0.433013
v -0.140694 0.204831 0.433013
v -0.133808 0.216508 0.411820
v -0.140975 -0.216508 0.409422
v -0.149098 -0.203434 0.433013
v -0.149098 0.203434 0.433013
v -0.140975 0.216508 0.409422
v -0.148099 -0.216508 0.406899
v -0.157604 -0.201946 0.433013
v -0.157604 0.201946 0.433013
v -0.148099 0.216508 0.406899
v -0.155178 -0.216508 0.404252
v -0.166218 -0.200365 0.433013
v -0.166218 0.200365 0.433013
v -0.155178 0.216508 0.404252
v -0.162209 -0.216508 0.401482
v -0.174949 -0.198688 0.433013
v -0.174949 0.198688 0.433013
v -0.162209 0.216508 0.401482
v -0.169191 -0.216508 0.398590
v -0.183803 -0.196913 0.433013
v -0.183803 0.196913 0.433013
v -0.169191 0.216508 0.398590
v -0.176122 -0.216508 0.395577
v -0.192790 -0.195035 0.433013
v -0.192790 0.195035 0.433013
v -0.176122 0.216508 0.395577
v -0.182999 -0.216508 0.392443
v -0.201917 -0.193051 0.433013
v -0.201917 0.193051 0.433013
v -0.182999 0.216508 0.392443
v -0.189820 -0.216508 0.389189
v -0.211194 -0.190958 0.433013
v -0.211194 0.190958 0.433013
v -0.189820 0.216508 0.389189
v -0.196584 -0.216508 0.385817
v -0.220631 -0.188752 0.433013
v -0.220631 0.188752 0.433013
v -0.196584 0.216508 0.385817
v -0.203287 -0.216508 0.382327
v -0.230237 -0.186427 0.433013
v -0.230237 0.186427 0.433013
v -0.203287 0.216508 0.382327
v -0.209929 -0.216508 0.378721
v -0.240023 -0.183980 0.433013
v -0.240023 0.183980 0.433013
v -0.209929 0.216508 0.378721
v -0.216506 -0.216508 0.375000
v -0.250000 -0.181406 0.433013
v -0.250000 0.181406 0.433013
v -0.216506 0.216508 0.375000
v -0.223018 -0.216508 0.371164
v -0.254989 -0.183980 0.424372
v -0.254989 0.183980 0.424372
v -0.223018 0.216508 0.371164
v -0.229462 -0.216508 0.367216
v -0.259881 -0.186427 0.415897
v -0.259881 0.186427 0.415897
v -0.229462 0.216508 0.367216
v -0.235836 -0.216508 0.363155
v -0.264684 -0.188752 0.407578
v -0.264684 0.188752 0.407578
v -0.235836 0.216508 0.363155
v -0.242138 -0.216508 0.358984
v -0.269403 -0.190958 0.399406
v -0.269403 0.190958 0.399406
v -0.242138 0.216508 0.358984
v -0.248366 -0.216508 0.354703
v -0.274041 -0.193051 0.391372
v -0.274041 0.193051 0.391372
v -0.248366 0.216508 0.354703
v -0.254518 -0.216508 0.350315
v -0.278605 -0.195035 0.383467
v -0.278605 0.195035 0.383467
v -0.254518 0.216508 0.350315
v -0.260594 -0.216508 0.345819
v -0.283098 -0.196913 0.375684
v -0.283098 0.196913 0.375684
v -0.260594 0.216508 0.345819
v -0.266589 -0.216508 0.341219
v -0.287526 -0.198688 0.368016
v -0.287526 0.198688 0.368016
v -0.266589 0.216508 0.341219
v -0.272504 -0.216508 0.336514
v -0.291891 -0.200365 0.360455
v -0.291891 0.200365 0.360455
v -0.272504 0.216508 0.336514
v -0.278335 -0.216508 0.331707
v -0.296198 -0.201946 0.352995
v -0.296198 0.201946 0.352995
v -0.278335 0.216508 0.331707
v -0.284082 -0.216508 0.326799
v -0.300451 -0.203434 0.345629
v -0.300451 0.203434 0.345629
v -0.284082 0.216508 0.326799
v -0.289742 -0.216508 0.321791
v -0.304653 -0.204831 0.338351
v -0.304653 0.204831 0.338351
v -0.289742 0.216508 0.321791
v -0.295314 -0.216508 0.316685
v -0.308807 -0.206141 0.331155
v -0.308807 0.206141 0.331155
v -0.295314 0.216508 0.316685
v -0.300796 -0.216508 0.311483
v -0.312918 -0.207364 0.324036
v -0.312918 0.207364 0.324036
v -0.300796 0.216508 0.311483
v -0.306186 -0.216508 0.306186
v -0.316987 -0.208504 0.316987
v -0.316987 0.208504 0.316987
v -0.306186 0.216508 0.306186
v -0.311483 -0.216508 0.300796
v -0.321019 -0.209562 0.310004
v -0.321019 0.209562 0.310004
v -0.311483 0.216508 0.300796
v -0.316685 -0.216508 0.295314
v -0.325016 -0.210540 0.303082
v -0.325016 0.210540 0.303082
v -0.316685 0.216508 0.295314
v -0.321791 -0.216508 0.289742
v -0.328980 -0.211439 0.296215
v -0.328980 0.211439 0.296215
v -0.321791 0.216508 0.289742
v -0.326799 -0.216508 0.284082
v -0.332915 -0.212261 0.289399
v -0.332915 0.212261 0.289399
v -0.326799 0.216508 0.284082
v -0.331707 -0.216508 0.278335
v -0.336824 -0.213008 0.282629
v -0.336824 0.213008 0.282629
v -0.331707 0.216508 0.278335
v -0.336514 -0.216508 0.272504
v -0.340709 -0.213680 0.275900
v -0.340709 0.213680 0.275900
v -0.336514 0.216508 0.272504
v -0.341219 -0.216508 0.266589
v -0.344572 -0.214278 0.269209
v -0.344572 0.214278 0.269209
v -0.341219 0.216508 0.266589
v -0.345819 -0.216508 0.260594
v -0.348416 -0.214804 0.262551
v -0.348416 0.214804 0.262551
v -0.345819 0.216508 0.260594
v -0.350315 -0.216508 0.254518
v -0.352244 -0.215258 0.255920
v -0.352244 0.215258 0.255920
v -0.350315 0.216508 0.254518
v -0.354703 -0.216508 0.248366
v -0.356058 -0.215642 0.249315
v -0.356058 0.215642 0.249315
v -0.354703 0.216508 0.248366
v -0.358984 -0.216508 0.242138
v -0.359860 -0.215954 0.242729
v -0.359860 0.215954 0.242729
v -0.358984 0.216508 0.242138
v -0.363155 -0.216508 0.235836
v -0.363653 -0.216197 0.236159
v -0.363653 0.216197 0.236159
v -0.363155 0.216508 0.235836
v -0.367216 -0.216508 0.229462
v -0.367439 -0.216370 0.229602
v -0.367439 0.216370 0.229602
v -0.367216 0.216508 0.229462
v -0.371164 -0.216508 0.223018
v -0.371221 -0.216474 0.223052
v -0.371221 0.216474 0.223052
v -0.371164 0.216508 0.223018
v -0.375000 -0.216508 0.216506
v -0.375000 0.216508 0.216506
v -0.378721 -0.216508 0.209929
v -0.378779 -0.216474 0.209961
v -0.378779 0.216474 0.209961
v -0.378721 0.216508 0.209929
v -0.382327 -0.216508 0.203287
v -0.382561 -0.216370 0.203411
v -0.382561 0.216370 0.203411
v -0.382327 0.216508 0.203287
v -0.385817 -0.216508 0.196584
v -0.386347 -0.216197 0.196853
v -0.386347 0.216197 0.196853
v -0.385817 0.216508 0.196584
v -0.389189 -0.216508 0.189820
v -0.390140 -0.215954 0.190284
v -0.390140 0.215954 0.190284
v -0.389189 0.216508 0.189820
v -0.392443 -0.216508 0.182999
v -0.393942 -0.215642 0.183698
v -0.393942 0.215642 0.183698
v -0.392443 0.216508 0.182999
v -0.395577 -0.216508 0.176122
v -0.397756 -0.215258 0.177092
v -0.397756 0.215258 0.177092
v -0.395577 0.216508 0.176122
v -0.398590 -0.216508 0.169191
v -0.401584 -0.214804 0.170462
v -0.401584 0.214804 0.170462
v -0.398590 0.216508 0.169191
v -0.401482 -0.216508 0.162209
v -0.405428 -0.214278 0.163803
v -0.405428 0.214278 0.163803
v -0.401482 0.216508 0.162209
v -0.404252 -0.216508 0.155178
v -0.409291 -0.213680 0.157112
v -0.409291 0.213680 0.157112
v -0.404252 0.216508 0.155178
v -0.406899 -0.216508 0.148099
v -0.413176 -0.213008 0.150384
v -0.413176 0.213008 0.150384
v -0.406899 0.216508 0.148099
v -0.409422 -0.216508 0.140975
v -0.417085 -0.212261 0.143614
v -0.417085 0.212261 0.143614
v -0.409422 0.216508 0.140975
v -0.411820 -0.216508 0.133808
v -0.421020 -0.211439 0.136798
v -0.421020 0.211439 0.136798
v -0.411820 0.216508 0.133808
v -0.414092 -0.216508 0.126601
v -0.424984 -0.210540 0.129931
v -0.424984 0.210540 0.129931
v -0.414092 0.216508 0.126601
v -0.416239 -0.216508 0.119355
v -0.428981 -0.209562 0.123008
v -0.428981 0.209562 0.123008
v -0.416239 0.216508 0.119355
v -0.418258 -0.216508 0.112072
v -0.433013 -0.208504 0.116025
v -0.433013 0.208504 0.116025
v -0.418258 0.216508 0.112072
v -0.420150 -0.216508 0.104755
v -0.437082 -0.207364 0.108977
v -0.437082 0.207364 0.108977
v -0.420150 0.216508 0.104755
v -0.421915 -0.216508 0.097407
v -0.441193 -0.206141 0.101857
v -0.441193 0.206141 0.101857
v -0.421915 0.216508 0.097407
v -0.423550 -0.216508 0.090028
v -0.445347 -0.204831 0.094661
v -0.445347 0.204831 0.094661
v -0.423550 0.216508 0.090028
v -0.425057 -0.216508 0.082623
v -0.449549 -0.203434 0.087384
v -0.449549 0.203434 0.087384
v -0.425057 0.216508 0.082623
v -0.426434 -0.216508 0.075192
v -0.453802 -0.201946 0.080018
v -0.453802 0.201946 0.080018
v -0.426434 0.216508 0.075192
v -0.427682 -0.216508 0.067738
v -0.458109 -0.200365 0.072557
v -0.458109 0.200365 0.072557
v -0.427682 0.216508 0.067738
v -0.428799 -0.216508 0.060264
v -0.462474 -0.198688 0.064996
v -0.462474 0.198688 0.064996
v -0.428799 0.216508 0.060264
v -0.429785 -0.216508 0.052771
v -0.466902 -0.196913 0.057328
v -0.466902 0.196913 0.057328
v -0.429785 0.216508 0.052771
v -0.430641 -0.216508 0.045262
v -0.471395 -0.195035 0.049546
v -0.471395 0.195035 0.049546
v -0.430641 0.216508 0.045262
v -0.431365 -0.216508 0.037740
v -0.475959 -0.193051 0.041641
v -0.475959 0.193051 0.041641
v -0.431365 0.216508 0.037740
v -0.431958 -0.216508 0.030205
v -0.480597 -0.190958 0.033607
v -0.480597 0.190958 0.033607
v -0.431958 0.216508 0.030205
v -0.432419 -0.216508 0.022662
v -0.485316 -0.188752 0.025434
v -0.485316 0.188752 0.025434
v -0.432419 0.216508 0.022662
v -0.432749 -0.216508 0.015112
v -0.490119 -0.186427 0.017115
v -0.490119 0.186427 0.017115
v -0.432749 0.216508 0.015112
v -0.432947 -0.216508 0.007557
v -0.495011 -0.183980 0.008641
v -0.495011 0.183980 0.008641
v -0.432947 0.216508 0.007557
v -0.433013 -0.216508 0.000000
v -0.500000 -0.181406 0.000000
v -0.500000 0.181406 0.000000
v -0.433013 0.216508 0.000000
v -0.432947 -0.216508 -0.007557
v -0.495011 -0.183980 -0.008641
v -0.495011 0.183980 -0.008641
v -0.432947 0.216508 -0.007557
v -0.432749 -0.216508 -0.015112
v -0.490119 -0.186427 -0.017115
v -0.490119 0.186427 -0.017115
v -0.432749 0.216508 -0.015112
v -0.432419 -0.216508 -0.022662
v -0.485316 -0.188752 -0.025434
v -0.485316 0.188752 -0.025434
v -0.432419 0.216508 -0.022662
v -0.431958 -0.216508 -0.030205
v -0.480597 -0.190958 -0.033607
v -0.480597 0.190958 -0.033607
v -0.431958 0.216508 -0.030205
v -0.431365 -0.216508 -0.037740
v -0.475959 -0.193051 -0.041641
v -0.475959 0.193051 -0.041641
v -0.431365 0.216508 -0.037740
v -0.430641 -0.216508 -0.045262
v -0.471395 -0.195035 -0.049546
v -0.471395 0.195035 -0.049546
v -0.430641 0.216508 -0.045262
v -0.429785 -0.216508 -0.052771
v -0.466902 -0.196913 -0.057328
v -0.466902 0.196913 -0.057328
v -0.429785 0.216508 -0.052771
v -0.428799 -0.216508 -0.060264
v -0.462474 -0.198688 -0.064996
v -0.462474 0.198688 -0.064996
v -0.428799 0.216508 -0.060264
v -0.427682 -0.216508 -0.067738
v -0.458109 -0.200365 -0.072557
v -0.458109 0.200365 -0.072557
v -0.427682 0.216508 -0.067738
v -0.426434 -0.216508 -0.075192
v -0.453802 -0.201946 -0.080018
v -0.453802 0.201946 -0.080018
v -0.426434 0.216508 -0.075192
v -0.425057 -0.216508 -0.082623
v -0.449549 -0.203434 -0.087384
v -0.449549 0.203434 -0.087384
v -0.425057 0.216508 -0.082623
v -0.423550 -0.216508 -0.090028
v -0.445347 -0.204831 -0.094661
v -0.445347 0.204831 -0.094661
v -0.423550 0.216508 -0.090028
v -0.421915 -0.216508 -0.097407
v -0.441193 -0.206141 -0.101857
v -0.441193 0.206141 -0.101857
v -0.421915 0.216508 -0.097407
v -0.420150 -0.216508 -0.104755
v -0.437082 -0.207364 -0.108977
v -0.437082 0.207364 -0.108977
v -0.420150 0.216508 -0.104755
v -0.418258 -0.216508 -0.112072
v -0.433013 -0.208504 -0.116025
v -0.433013 0.208504 -0.116025
v -0.418258 0.216508 -0.112072
v -0.416239 -0.216508 -0.119355
v -0.428981 -0.209562 -0.123008
v -0.428981 0.209562 -0.123008
v -0.416239 0.216508 -0.119355
v -0.414092 -0.216508 -0.126601
v -0.424984 -0.210540 -0.129931
v -0.424984 0.210540 -0.129931
v -0.414092 0.216508 -0.126601
v -0.411820 -0.216508 -0.133808
v -0.421020 -0.211439 -0.136798
v -0.421020 0.211439 -0.136798
v -0.411820 0.216508 -0.133808
v -0.409422 -0.216508 -0.140975
v -0.417085 -0.212261 -0.143614
v -0.417085 0.212261 -0.143614
v -0.409422 0.216508 -0.140975
v -0.406899 -0.216508 -0.148099
v -0.413176 -0.213008 -0.150384
v -0.413176 0.213008 -0.150384
v -0.406899 0.216508 -0.148099
v -0.404252 -0.216508 -0.155178
v -0.409291 -0.213680 -0.157112
v -0.409291 0.213680 -0.157112
v -0.404252 0.216508 -0.155178
v -0.401482 -0.216508 -0.162209
v -0.405428 -0.214278 -0.163803
v -0.405428 0.214278 -0.163803
v -0.401482 0.216508 -0.162209
v -0.398590 -0.216508 -0.169191
v -0.401584 -0.214804 -0.170462
v -0.401584 0.214804 -0.170462
v -0.398590 0.216508 -0.169191
v -0.395577 -0.216508 -0.176122
v -0.397756 -0.215258 -0.177092
v -0.397756 0.215258 -0.177092
v -0.395577 0.216508 -0.176122
v -0.392443 -0.216508 -0.182999
v -0.393942 -0.215642 -0.183698
v -0.393942 0.215642 -0.183698
v -0.392443 0.216508 -0.182999
v -0.389189 -0.216508 -0.189820
v -0.390140 -0.215954 -0.190284
v -0.390140 0.215954 -0.190284
v -0.389189 0.216508 -0.189820
v -0.385817 -0.216508 -0.196584
v -0.386347 -0.216197 -0.196853
v -0.386347 0.216197 -0.196853
v -0.385817 0.216508 -0.196584
v -0.382327 -0.216508 -0.203287
v -0.382561 -0.216370 -0.203411
v -0.382561 0.216370 -0.203411
v -0.382327 0.216508 -0.203287
v -0.378721 -0.216508 -0.209929
v -0.378779 -0.216474 -0.209961
v -0.378779 0.216474 -0.209961
v -0.378721 0.216508 -0.209929
v -0.375000 -0.216508 -0.216506
v -0.375000 0.216508 -0.216506
v -0.371164 -0.216508 -0.223018
v -0.371221 -0.216474 -0.223052
v -0.371221 0.216474 -0.223052
v -0.371164 0.216508 -0.223018
v -0.367216 -0.216508 -0.229462
v -0.367439 -0.216370 -0.229602
v -0.367439 0.216370 -0.229602
v -0.367216 0.216508 -0.229462
v -0.363155 -0.216508 -0.235836
v -0.363653 -0.216197 -0.236159
v -0.363653 0.216197 -0.236159
v -0.363155 0.216508 -0.235836
v -0.358984 -0.216508 -0.242138
v -0.359860 -0.215954 -0.242729
v -0.359860 0.215954 -0.242729
v -0.358984 0.216508 -0.242138
v -0.354703 -0.216508 -0.248366
v -0.356058 -0.215642 -0.249315
v -0.356058 0.215642 -0.249315
v -0.354703 0.216508 -0.248366
v -0.350315 -0.216508 -0.254518
v -0.352244 -0.215258 -0.255920
v -0.352244 0.215258 -0.255920
v -0.350315 0.216508 -0.254518
v -0.345819 -0.216508 -0.260594
v -0.348416 -0.214804 -0.262551
v -0.348416 0.214804 -0.262551
v -0.345819 0.216508 -0.260594
v -0.341219 -0.216508 -0.266589
v -0.344572 -0.214278 -0.269209
v -0.344572 0.214278 -0.269209
v -0.341219 0.216508 -0.266589
v -0.336514 -0.216508 -0.272504
v -0.340709 -0.213680 -0.275900
v -0.340709 0.213680 -0.275900
v -0.336514 0.216508 -0.272504
v -0.331707 -0.216508 -0.278335
v -0.336824 -0.213008 -0.282629
v -0.336824 0.213008 -0.282629
v -0.331707 0.216508 -0.278335
v -0.326799 -0.216508 -0.284082
v -0.332915 -0.212261 -0.289399
v -0.332915 0.212261 -0.289399
v -0.326799 0.216508 -0.284082
v -0.321791 -0.216508 -0.289742
v -0.328980 -0.211439 -0.296215
v -0.328980 0.211439 -0.296215
v -0.321791 0.216508 -0.289742
v -0.316685 -0.216508 -0.295314
v -0.325016 -0.210540 -0.303082
v -0.325016 0.210540 -0.303082
v -0.316685 0.216508 -0.295314
v -0.311483 -0.216508 -0.300796
v -0.321019 -0.209562 -0.310004
v -0.321019 0.209562 -0.310004
v -0.311483 0.216508 -0.300796
v -0.306186 -0.216508 -0.306186
v -0.316987 -0.208504 -0.316987
v -0.316987 0.208504 -0.316987
v -0.306186 0.216508 -0.306186
v -0.300796 -0.216508 -0.311483
v -0.312918 -0.207364 -0.324036
v -0.312918 0.207364 -0.324036
v -0.300796 0.216508 -0.311483
v -0.295314 -0.216508 -0.316685
v -0.308807 -0.206141 -0.331155
v -0.308807 0.206141 -0.331155
v -0.295314 0.216508 -0.316685
v -0.289742 -0.216508 -0.321791
v -0.304653 -0.204831 -0.338351
v -0.304653 0.204831 -0.338351
v -0.289742 0.216508 -0.321791
v -0.284082 -0.216508 -0.326799
v -0.300451 -0.203434 -0.345629
v -0.300451 0.203434 -0.345629
v -0.284082 0.216508 -0.326799
v -0.278335 -0.216508 -0.331707
v -0.296198 -0.201946 -0.352995
v -0.296198 0.201946 -0.352995
v -0.278335 0.216508 -0.331707
v -0.272504 -0.216508 -0.336514
v -0.291891 -0.200365 -0.360455
v -0.291891 0.200365 -0.360455
v -0.272504 0.216508 -0.336514
v -0.266589 -0.216508 -0.341219
v -0.287526 -0.198688 -0.368016
v -0.287526 0.198688 -0.368016
v -0.266589 0.216508 -0.341219
v -0.260594 -0.216508 -0.345819
v -0.283098 -0.196913 -0.375684
v -0.283098 0.196913 -0.375684
v -0.260594 0.216508 -0.345819
v -0.254518 -0.216508 -0.350315
v -0.278605 -0.195035 -0.383467
v -0.278605 0.195035 -0.383467
v -0.254518 0.216508 -0.350315
v -0.248366 -0.216508 -0.354703
v -0.274041 -0.193051 -0.391372
v -0.274041 0.193051 -0.391372
v -0.248366 0.216508 -0.354703
v -0.242138 -0.216508 -0.358984
v -0.269403 -0.190958 -0.399406
v -0.269403 0.190958 -0.399406
v -0.242138 0.216508 -0.358984
v -0.235836 -0.216508 -0.363155
v -0.264684 -0.188752 -0.407578
v -0.264684 0.188752 -0.407578
v -0.235836 0.216508 -0.363155
v -0.229462 -0.216508 -0.367216
v -0.259881 -0.186427 -0.415897
v -0.259881 0.186427 -0.415897
v -0.229462 0.216508 -0.367216
v -0.223018 -0.216508 -0.371164
v -0.254989 -0.183980 -0.424372
v -0.254989 0.183980 -0.424372
v -0.223018 0.216508 -0.371164
v -0.216506 -0.216508 -0.375000
v -0.250000 -0.181406 -0.433013
v -0.250000 0.181406 -0.433013
v -0.216506 0.216508 -0.375000
v -0.209929 -0.216508 -0.378721
v -0.240023 -0.183980 -0.433013
v -0.240023 0.183980 -0.433013
v -0.209929 0.216508 -0.378721
v -0.203287 -0.216508 -0.382327
v -0.230237 -0.186427 -0.433013
v -0.230237 0.186427 -0.433013
v -0.203287 0.216508 -0.382327
v -0.196584 -0.216508 -0.385817
v -0.220631 -0.188752 -0.433013
v -0.220631 0.188752 -0.433013
v -0.196584 0.216508 -0.385817
v -0.189820 -0.216508 -0.389189
v -0.211194 -0.190958 -0.433013
v -0.211194 0.190958 -0.433013
v -0.189820 0.216508 -0.389189
v -0.182999 -0.216508 -0.392443
v -0.201917 -0.193051 -0.433013
v -0.201917 0.193051 -0.433013
v -0.182999 0.216508 -0.392443
v -0.176122 -0.216508 -0.395577
v -0.192790 -0.195035 -0.433013
v -0.192790 0.195035 -0.433013
v -0.176122 0.216508 -0.395577
v -0.169191 -0.216508 -0.398590
v -0.183803 -0.196913 -0.433013
v -0.183803 0.196913 -0.433013
v -0.169191 0.216508 -0.398590
v -0.162209 -0.216508 -0.401482
v -0.174949 -0.198688 -0.433013
v -0.174949 0.198688 -0.433013
v -0.162209 0.216508 -0.401482
v -0.155178 -0.216508 -0.404252
v -0.166218 -0.200365 -0.433013
v -0.166218 0.200365 -0.433013
v -0.155178 0.216508 -0.404252
v -0.148099 -0.216508 -0.406899
v -0.157604 -0.201946 -0.433013
v -0.157604 0.201946 -0.433013
v -0.148099 0.216508 -0.406899
v -0.140975 -0.216508 -0.409422
v -0.149098 -0.203434 -0.433013
v -0.149098 0.203434 -0.433013
v -0.140975 0.216508 -0.409422
v -0.133808 -0.216508 -0.411820
v -0.140694 -0.204831 -0.433013
v -0.140694 0.204831 -0.433013
v -0.133808 0.216508 -0.411820
v -0.126601 -0.216508 -0.414092
v -0.132385 -0.206141 -0.433013
v -0.132385 0.206141 -0.433013
v -0.126601 0.216508 -0.414092
v -0.119355 -0.216508 -0.416239
v -0.124164 -0.207364 -0.433013
v -0.124164 0.207364 -0.433013
v -0.119355 0.216508 -0.416239
v -0.112072 -0.216508 -0.418258
v -0.116025 -0.208504 -0.433013
v -0.116025 0.208504 -0.433013
v -0.112072 0.216508 -0.418258
v -0.104755 -0.216508 -0.420150
v -0.107962 -0.209562 -0.433013
v -0.107962 0.209562 -0.433013
v -0.104755 0.216508 -0.420150
v -0.097407 -0.216508 -0.421915
v -0.099969 -0.210540 -0.433013
v -0.099969 0.210540 -0.433013
v -0.097407 0.216508 -0.421915
v -0.090028 -0.216508 -0.423550
v -0.092040 -0.211439 -0.433013
v -0.092040 0.211439 -0.433013
v -0.090028 0.216508 -0.423550
v -0.082623 -0.216508 -0.425057
v -0.084169 -0.212261 -0.433013
v -0.084169 0.212261 -0.433013
v -0.082623 0.216508 -0.425057
v -0.075192 -0.216508 -0.426434
v -0.076352 -0.213008 -0.433013
v -0.076352 0.213008 -0.433013
v -0.075192 0.216508 -0.426434
v -0.067738 -0.216508 -0.427682
v -0.068583 -0.213680 -0.433013
v -0.068583 0.213680 -0.433013
v -0.067738 0.216508 -0.427682
v -0.060264 -0.216508 -0.428799
v -0.060856 -0.214278 -0.433013
v -0.060856 0.214278 -0.433013
v -0.060264 0.216508 -0.428799
v -0.052771 -0.216508 -0.429785
v -0.053167 -0.214804 -0.433013
v -0.053167 0.214804 -0.433013
v -0.052771 0.216508 -0.429785
v -0.045262 -0.216508 -0.430641
v -0.045512 -0.215258 -0.433013
v -0.045512 0.215258 -0.433013
v -0.045262 0.216508 -0.430641
v -0.037740 -0.216508 -0.431365
v -0.037884 -0.215642 -0.433013
v -0.037884 0.215642 -0.433013
v -0.037740 0.216508 -0.431365
v -0.030205 -0.216508 -0.431958
v -0.030279 -0.215954 -0.433013
v -0.030279 0.215954 -0.433013
v -0.030205 0.216508 -0.431958
v -0.022662 -0.216508 -0.432419
v -0.022693 -0.216197 -0.433013
v -0.022693 0.216197 -0.433013
v -0.022662 0.216508 -0.432419
v -0.015112 -0.216508 -0.432749
v -0.015121 -0.216370 -0.433013
v -0.015121 0.216370 -0.433013
v -0.015112 0.216508 -0.432749
v -0.007557 -0.216508 -0.432947
v -0.007558 -0.216474 -0.433013
v -0.007558 0.216474 -0.433013
v -0.007557 0.216508 -0.432947
v -0.000000 -0.216508 -0.433013
v -0.000000 0.216508 -0.433013
v 0.007557 -0.216508 -0.432947
v 0.007558 -0.216474 -0.433013
v 0.007558 0.216474 -0.433013
v 0.007557 0.216508 -0.432947
v 0.015112 -0.216508 -0.432749
v 0.015121 -0.216370 -0.433013
v 0.015121 0.216370 -0.433013
v 0.015112 0.216508 -0.432749
v 0.022662 -0.216508 -0.432419
v 0.022693 -0.216197 -0.433013
v 0.022693 0.216197 -0.433013
v 0.022662 0.216508 -0.432419
v 0.030205 -0.216508 -0.431958
v 0.030279 -0.215954 -0.433013
v 0.030279 0.215954 -0.433013
v 0.030205 0.216508 -0.431958
v 0.037740 -0.216508 -0.431365
v 0.037884 -0.215642 -0.433013
v 0.037884 0.215642 -0.433013
v 0.037740 0.216508 -0.431365
v 0.045262 -0.216508 -0.430641
v 0.045512 -0.215258 -0.433013
v 0.045512 0.215258 -0.433013
v 0.045262 0.216508 -0.430641
v 0.052771 -0.216508 -0.429785
v 0.053167 -0.214804 -0.433013
v 0.053167 0.214804 -0.433013
v 0.052771 0.216508 -0.429785
v 0.060264 -0.216508 -0.428799
v 0.060856 -0.214278 -0.433013
v 0.060856 0.214278 -0.433013
v 0.060264 0.216508 -0.428799
v 0.067738 -0.216508 -0.427682
v 0.068583 -0.213680 -0.433013
v 0.068583 0.213680 -0.433013
v 0.067738 0.216508 -0.427682
v 0.075192 -0.216508 -0.426434
v 0.076352 -0.213008 -0.433013
v 0.076352 0.213008 -0.433013
v 0.075192 0.216508 -0.426434
v 0.082623 -0.216508 -0.425057
v 0.084169 -0.212261 -0.433013
v 0.084169 0.212261 -0.433013
v 0.082623 0.216508 -0.425057
v 0.090028 -0.216508 -0.423550
v 0.092040 -0.211439 -0.433013
v 0.092040 0.211439 -0.433013
v 0.090028 0.216508 -0.423550
v 0.097407 -0.216508 -0.421915
v 0.099969 -0.210540 -0.433013
v 0.099969 0.210540 -0.433013
v 0.097407 0.216508 -0.421915
v 0.104755 -0.216508 -0.420150
v 0.107962 -0.209562 -0.433013
v 0.107962 0.209562 -0.433013
v 0.104755 0.216508 -0.420150
v 0.112072 -0.216508 -0.418258
v 0.116025 -0.208504 -0.433013
v 0.116025 0.208504 -0.433013
v 0.112072 0.216508 -0.418258
v 0.119355 -0.216508 -0.416239
v 0.124164 -0.207364 -0.433013
v 0.124164 0.207364 -0.433013
v 0.119355 0.216508 -0.416239
v 0.126601 -0.216508 -0.414092
v 0.132385 -0.206141 -0.433013
v 0.132385 0.206141 -0.433013
v 0.126601 0.216508 -0.414092
v 0.133808 -0.216508 -0.411820
v 0.140694 -0.204831 -0.433013
v 0.140694 0.204831 -0.433013
v 0.133808 0.216508 -0.411820
v 0.140975 -0.216508 -0.409422
v 0.149098 -0.203434 -0.433013
v 0.149098 0.203434 -0.433013
v 0.140975 0.216508 -0.409422
v 0.148099 -0.216508 -0.406899
v 0.157604 -0.201946 -0.433013
v 0.157604 0.201946 -0.433013
v 0.148099 0.216508 -0.406899
v 0.155178 -0.216508 -0.404252
v 0.166218 -0.200365 -0.433013
v 0.166218 0.200365 -0.433013
v 0.155178 0.216508 -0.404252
v 0.162209 -0.216508 -0.401482
v 0.174949 -0.198688 -0.433013
v 0.174949 0.198688 -0.433013
v 0.162209 0.216508 -0.401482
v 0.169191 -0.216508 -0.398590
v 0.183803 -0.196913 -0.433013
v 0.183803 0.196913 -0.433013
v 0.169191 0.216508 -0.398590
v 0.176122 -0.216508 -0.395577
v 0.192790 -0.195035 -0.433013
v 0.192790 0.195035 -0.433013
v 0.176122 0.216508 -0.395577
v 0.182999 -0.216508 -0.392443
v 0.201917 -0.193051 -0.433013
v 0.201917 0.193051 -0.433013
v 0.182999 0.216508 -0.392443
v 0.189820 -0.216508 -0.389189
v 0.211194 -0.190958 -0.433013
v 0.211194 0.190958 -0.433013
v 0.189820 0.216508 -0.389189
v 0.196584 -0.216508 -0.385817
v 0.220631 -0.188752 -0.433013
v 0.220631 0.188752 -0.433013
v 0.196584 0.216508 -0.385817
v 0.203287 -0.216508 -0.382327
v 0.230237 -0.186427 -0.433013
v 0.230237 0.186427 -0.433013
v 0.203287 0.216508 -0.382327
v 0.209929 -0.216508 -0.378721
v 0.240023 -0.183980 -0.433013
v 0.240023 0.183980 -0.433013
v 0.209929 0.216508 -0.378721
v 0.216506 -0.216508 -0.375000
v 0.250000 -0.181406 -0.433013
v 0.250000 0.181406 -0.433013
v 0.216506 0.216508 -0.375000
v 0.223018 -0.216508 -0.371164
v 0.254989 -0.183980 -0.424372
v 0.254989 0.183980 -0.424372
v 0.223018 0.216508 -0.371164
v 0.229462 -0.216508 -0.367216
v 0.259881 -0.186427 -0.415897
v 0.259881 0.186427 -0.415897
v 0.229462 0.216508 -0.367216
v 0.235836 -0.216508 -0.363155
v 0.264684 -0.188752 -0.407578
v 0.264684 0.188752 -0.407578
v 0.235836 0.216508 -0.363155
v 0.242138 -0.216508 -0.358984
v 0.269403 -0.190958 -0.399406
v 0.269403 0.190958 -0.399406
v 0.242138 0.216508 -0.358984
v 0.248366 -0.216508 -0.354703
v 0.274041 -0.193051 -0.391372
v 0.274041 0.193051 -0.391372
v 0.248366 0.216508 -0.354703
v 0.254518 -0.216508 -0.350315
v 0.278605 -0.195035 -0.383467
v 0.278605 0.195035 -0.383467
v 0.254518 0.216508 -0.350315
v 0.260594 -0.216508 -0.345819
v 0.283098 -0.196913 -0.375684
v 0.283098 0.196913 -0.375684
v 0.260594 0.216508 -0.345819
v 0.266589 -0.216508 -0.341219
v 0.287526 -0.198688 -0.368016
v 0.287526 0.198688 -0.368016
v 0.266589 0.216508 -0.341219
v 0.272504 -0.216508 -0.336514
v 0.291891 -0.200365 -0.360455
v 0.291891 0.200365 -0.360455
v 0.272504 0.216508 -0.336514
v 0.278335 -0.216508 -0.331707
v 0.296198 -0.201946 -0.352995
v 0.296198 0.201946 -0.352995
v 0.278335 0.216508 -0.331707
v 0.284082 -0.216508 -0.326799
v 0.300451 -0.203434 -0.345629
v 0.300451 0.203434 -0.345629
v 0.284082 0.216508 -0.326799
v 0.289742 -0.216508 -0.321791
v 0.304653 -0.204831 -0.338351
v 0.304653 0.204831 -0.338351
v 0.289742 0.216508 -0.321791
v 0.295314 -0.216508 -0.316685
v 0.308807 -0.206141 -0.331155
v 0.308807 0.206141 -0.331155
v 0.295314 0.216508 -0.316685
v 0.300796 -0.216508 -0.311483
v 0.312918 -0.207364 -0.324036
v 0.312918 0.207364 -0.324036
v 0.300796 0.216508 -0.311483
v 0.306186 -0.216508 -0.306186
v 0.316987 -0.208504 -0.316987
v 0.316987 0.208504 -0.316987
v 0.306186 0.216508 -0.306186
v 0.311483 -0.216508 -0.300796
v 0.321019 -0.209562 -0.310004
v 0.321019 0.209562 -0.310004
v 0.311483 0.216508 -0.300796
v 0.316685 -0.216508 -0.295314
v 0.325016 -0.210540 -0.303082
v 0.325016 0.210540 -0.303082
v 0.316685 0.216508 -0.295314
v 0.321791 -0.216508 -0.289742
v 0.328980 -0.211439 -0.296215
v 0.328980 0.211439 -0.296215
v 0.321791 0.216508 -0.289742
v 0.326799 -0.216508 -0.284082
v 0.332915 -0.212261 -0.289399
v 0.332915 0.212261 -0.289399
v 0.326799 0.216508 -0.284082
v 0.331707 -0.216508 -0.278335
v 0.336824 -0.213008 -0.282629
v 0.336824 0.213008 -0.282629
v 0.331707 0.216508 -0.278335
v 0.336514 -0.216508 -0.272504
v 0.340709 -0.213680 -0.275900
v 0.340709 0.213680 -0.275900
v 0.336514 0.216508 -0.272504
v 0.341219 -0.216508 -0.266589
v 0.344572 -0.214278 -0.269209
v 0.344572 0.214278 -0.269209
v 0.341219 0.216508 -0.266589
v 0.345819 -0.216508 -0.260594
v 0.348416 -0.214804 -0.262551
v 0.348416 0.214804 -0.262551
v 0.345819 0.216508 -0.260594
v 0.350315 -0.216508 -0.254518
v 0.352244 -0.215258 -0.255920
v 0.352244 0.215258 -0.255920
v 0.350315 0.216508 -0.254518
v 0.354703 -0.216508 -0.248366
v 0.356058 -0.215642 -0.249315
v 0.356058 0.215642 -0.249315
v 0.354703 0.216508 -0.248366
v 0.358984 -0.216508 -0.242138
v 0.359860 -0.215954 -0.242729
v 0.359860 0.215954 -0.242729
v 0.358984 0.216508 -0.242138
v 0.363155 -0.216508 -0.235836
v 0.363653 -0.216197 -0.236159
v 0.363653 0.216197 -0.236159
v 0.363155 0.216508 -0.235836
v 0.367216 -0.216508 -0.229462
v 0.367439 -0.216370 -0.229602
v 0.367439 0.216370 -0.229602
v 0.367216 0.216508 -0.229462
v 0.371164 -0.216508 -0.223018
v 0.371221 -0.216474 -0.223052
v 0.371221 0.216474 -0.223052
v 0.371164 0.216508 -0.223018
v 0.375000 -0.216508 -0.216506
v 0.375000 0.216508 -0.216506
v 0.378721 -0.216508 -0.209929
v 0.378779 -0.216474 -0.209961
v 0.378779 0.216474 -0.209961
v 0.378721 0.216508 -0.209929
v 0.382327 -0.216508 -0.203287
v 0.382561 -0.216370 -0.203411
v 0.382561 0.216370 -0.203411
v 0.382327 0.216508 -0.203287
v 0.385817 -0.216508 -0.196584
v 0.386347 -0.216197 -0.196853
v 0.386347 0.216197 -0.196853
v 0.385817 0.216508 -0.196584
v 0.389189 -0.216508 -0.189820
v 0.390140 -0.215954 -0.190284
v 0.390140 0.215954 -0.190284
v 0.389189 0.216508 -0.189820
v 0.392443 -0.216508 -0.182999
v 0.393942 -0.215642 -0.183698
v 0.393942 0.215642 -0.183698
v 0.392443 0.216508 -0.182999
v 0.395577 -0.216508 -0.176122
v 0.397756 -0.215258 -0.177092
v 0.397756 0.215258 -0.177092
v 0.395577 0.216508 -0.176122
v 0.398590 -0.216508 -0.169191
v 0.401584 -0.214804 -0.170462
v 0.401584 0.214804 -0.170462
v 0.398590 0.216508 -0.169191
v 0.401482 -0.216508 -0.162209
v 0.405428 -0.214278 -0.163803
v 0.405428 0.214278 -0.163803
v 0.401482 0.216508 -0.162209
v 0.404252 -0.216508 -0.155178
v 0.409291 -0.213680 -0.157112
v 0.409291 0.213680 -0.157112
v 0.404252 0.216508 -0.155178
v 0.406899 -0.216508 -0.148099
v 0.413176 -0.213008 -0.150384
v 0.413176 0.213008 -0.150384
v 0.406899 0.216508 -0.148099
v 0.409422 -0.216508 -0.140975
v 0.417085 -0.212261 -0.143614
v 0.417085 0.212261 -0.143614
v 0.409422 0.216508 -0.140975
v 0.411820 -0.216508 -0.133808
v 0.421020 -0.211439 -0.136798
v 0.421020 0.211439 -0.136798
v 0.411820 0.216508 -0.133808
v 0.414092 -0.216508 -0.126601
v 0.424984 -0.210540 -0.129931
v 0.424984 0.210540 -0.129931
v 0.414092 0.216508 -0.126601
v 0.416239 -0.216508 -0.119355
v 0.428981 -0.209562 -0.123008
v 0.428981 0.209562 -0.123008
v 0.416239 0.216508 -0.119355
v 0.418258 -0.216508 -0.112072
v 0.433013 -0.208504 -0.116025
v 0.433013 0.208504 -0.116025
v 0.418258 0.216508 -0.112072
v 0.420150 -0.216508 -0.104755
v 0.437082 -0.207364 -0.108977
v 0.437082 0.207364 -0.108977
v 0.420150 0.216508 -0.104755
v 0.421915 -0.216508 -0.097407
v 0.441193 -0.206141 -0.101857
v 0.441193 0.206141 -0.101857
v 0.421915 0.216508 -0.097407
v 0.423550 -0.216508 -0.090028
v 0.445347 -0.204831 -0.094661
v 0.445347 0.204831 -0.094661
v 0.423550 0.216508 -0.090028
v 0.425057 -0.216508 -0.082623
v 0.449549 -0.203434 -0.087384
v 0.449549 0.203434 -0.087384
v 0.425057 0.216508 -0.082623
v 0.426434 -0.216508 -0.075192
v 0.453802 -0.201946 -0.080018
v 0.453802 0.201946 -0.080018
v 0.426434 0.216508 -0.075192
v 0.427682 -0.216508 -0.067738
v 0.458109 -0.200365 -0.072557
v 0.458109 0.200365 -0.072557
v 0.427682 0.216508 -0.067738
v 0.428799 -0.216508 -0.060264
v 0.462474 -0.198688 -0.064996
v 0.462474 0.198688 -0.064996
v 0.428799 0.216508 -0.060264
v 0.429785 -0.216508 -0.052771
v 0.466902 -0.196913 -0.057328
v 0.466902 0.196913 -0.057328
v 0.429785 0.216508 -0.052771
v 0.430641 -0.216508 -0.045262
v 0.471395 -0.195035 -0.049546
v 0.471395 0.195035 -0.049546
v 0.430641 0.216508 -0.045262
v 0.431365 -0.216508 -0.037740
v 0.475959 -0.193051 -0.041641
v 0.475959 0.193051 -0.041641
v 0.431365 0.216508 -0.037740
v 0.431958 -0.216508 -0.030205
v 0.480597 -0.190958 -0.033607
v 0.480597 0.190958 -0.033607
v 0.431958 0.216508 -0.030205
v 0.432419 -0.216508 -0.022662
v 0.485316 -0.188752 -0.025434
v 0.485316 0.188752 -0.025434
v 0.432419 0.216508 -0.022662
v 0.432749 -0.216508 -0.015112
v 0.490119 -0.186427 -0.017115
v 0.490119 0.186427 -0.017115
v 0.432749 0.216508 -0.015112
v 0.432947 -0.216508 -0.007557
v 0.495011 -0.183980 -0.008641
v 0.495011 0.183980 -0.008641
v 0.432947 0.216508 -0.007557
v 0.238791 0.216508 0.000000
v 0.432864 0.216508 0.011335
v 0.238132 0.216508 0.006236
v 0.237312 0.216508 0.012437
v 0.431678 0.216508 0.033974
v 0.236330 0.216508 0.018600
v 0.235188 0.216508 0.024719
v 0.429308 0.216508 0.056520
v 0.233889 0.216508 0.030792
v 0.232433 0.216508 0.036814
v 0.425762 0.216508 0.078910
v 0.230823 0.216508 0.042780
v 0.229060 0.216508 0.048688
v 0.421048 0.216508 0.101085
v 0.227146 0.216508 0.054533
v 0.225084 0.216508 0.060311
v 0.415181 0.216508 0.122982
v 0.222875 0.216508 0.066018
v 0.220522 0.216508 0.071652
v 0.408176 0.216508 0.144543
v 0.218027 0.216508 0.077207
v 0.215393 0.216508 0.082682
v 0.400052 0.216508 0.165707
v 0.212622 0.216508 0.088071
v 0.209717 0.216508 0.093372
v 0.390831 0.216508 0.186417
v 0.206680 0.216508 0.098581
v 0.203515 0.216508 0.103696
v 0.380539 0.216508 0.206616
v 0.200224 0.216508 0.108713
v 0.196810 0.216508 0.113628
v 0.369204 0.216508 0.226248
v 0.193276 0.216508 0.118440
v 0.189626 0.216508 0.123145
v 0.356857 0.216508 0.245261
v 0.185862 0.216508 0.127740
v 0.181988 0.216508 0.132222
v 0.343532 0.216508 0.263601
v 0.178007 0.216508 0.136590
v 0.173923 0.216508 0.140840
v 0.329265 0.216508 0.281219
v 0.169738 0.216508 0.144970
v 0.165456 0.216508 0.148977
v 0.314096 0.216508 0.298066
v 0.161081 0.216508 0.152861
v 0.156617 0.216508 0.156617
v 0.298066 0.216508 0.314096
v 0.152066 0.216508 0.160245
v 0.147434 0.216508 0.163742
v 0.281219 0.216508 0.329265
v 0.142723 0.216508 0.167106
v 0.137936 0.216508 0.170337
v 0.263601 0.216508 0.343532
v 0.133079 0.216508 0.173432
v 0.128155 0.216508 0.176390
v 0.245261 0.216508 0.356857
v 0.123167 0.216508 0.179209
v 0.118119 0.216508 0.181888
v 0.226248 0.216508 0.369204
v 0.113016 0.216508 0.184426
v 0.107861 0.216508 0.186821
v 0.206616 0.216508 0.380539
v 0.102659 0.216508 0.189074
v 0.097412 0.216508 0.191183
v 0.186417 0.216508 0.390831
v 0.092126 0.216508 0.193147
v 0.086804 0.216508 0.194965
v 0.165707 0.216508 0.400052
v 0.081450 0.216508 0.196638
v 0.076068 0.216508 0.198164
v 0.144543 0.216508 0.408176
v 0.070662 0.216508 0.199544
v 0.065236 0.216508 0.200777
v 0.122982 0.216508 0.415181
v 0.059794 0.216508 0.201863
v 0.054340 0.216508 0.202802
v 0.101085 0.216508 0.421048
v 0.048879 0.216508 0.203594
v 0.043412 0.216508 0.204239
v 0.078910 0.216508 0.425762
v 0.037946 0.216508 0.204739
v 0.032483 0.216508 0.205092
v 0.056520 0.216508 0.429308
v 0.027028 0.216508 0.205301
v 0.021585 0.216508 0.205364
v 0.033974 0.216508 0.431678
v 0.016156 0.216508 0.205284
v 0.010747 0.216508 0.205061
v 0.011335 0.216508 0.432864
v 0.005360 0.216508 0.204695
v 0.000000 0.216508 0.204189
v -0.011335 0.216508 0.432864
v -0.005345 0.216508 0.204113
v -0.010686 0.216508 0.203903
v -0.033974 0.216508 0.431678
v -0.016020 0.216508 0.203554
v -0.021343 0.216508 0.203065
v -0.056520 0.216508 0.429308
v -0.026651 0.216508 0.202436
v -0.031941 0.216508 0.201669
v -0.078910 0.216508 0.425762
v -0.037209 0.216508 0.200764
v -0.042452 0.216508 0.199721
v -0.101085 0.216508 0.421048
v -0.047666 0.216508 0.198542
v -0.052846 0.216508 0.197226
v -0.122982 0.216508 0.415181
v -0.057991 0.216508 0.195775
v -0.063096 0.216508 0.194190
v -0.144543 0.216508 0.408176
v -0.068158 0.216508 0.192472
v -0.073173 0.216508 0.190621
v -0.165707 0.216508 0.400052
v -0.078138 0.216508 0.188641
v -0.083049 0.216508 0.186531
v -0.186417 0.216508 0.390831
v -0.087903 0.216508 0.184293
v -0.092697 0.216508 0.181929
v -0.206616 0.216508 0.380539
v -0.097428 0.216508 0.179440
v -0.102092 0.216508 0.176828
v -0.226248 0.216508 0.369204
v -0.106686 0.216508 0.174095
v -0.111206 0.216508 0.171242
v -0.245261 0.216508 0.356857
v -0.115651 0.216508 0.168273
v -0.120016 0.216508 0.165188
v -0.263601 0.216508 0.343532
v -0.124299 0.216508 0.161990
v -0.128497 0.216508 0.158680
v -0.281219 0.216508 0.329265
v -0.132606 0.216508 0.155262
v -0.136625 0.216508 0.151738
v -0.298066 0.216508 0.314096
v -0.140550 0.216508 0.148109
v -0.144379 0.216508 0.144379
v -0.314096 0.216508 0.298066
v -0.148109 0.216508 0.140550
v -0.151738 0.216508 0.136625
v -0.329265 0.216508 0.281219
v -0.155262 0.216508 0.132606
v -0.158680 0.216508 0.128497
v -0.343532 0.216508 0.263601
v -0.161990 0.216508 0.124299
v -0.165188 0.216508 0.120016
v -0.356857 0.216508 0.245261
v -0.168273 0.216508 0.115651
v -0.171242 0.216508 0.111206
v -0.369204 0.216508 0.226248
v -0.174095 0.216508 0.106686
v -0.176828 0.216508 0.102092
v -0.380539 0.216508 0.206616
v -0.179440 0.216508 0.097428
v -0.181929 0.216508 0.092697
v -0.390831 0.216508 0.186417
v -0.184293 0.216508 0.087903
v -0.186531 0.216508 0.083049
v -0.400052 0.216508 0.165707
v -0.188641 0.216508 0.078138
v -0.190621 0.216508 0.073173
v -0.408176 0.216508 0.144543
v -0.192472 0.216508 0.068158
v -0.194190 0.216508 0.063096
v -0.415181 0.216508 0.122982
v -0.195775 0.216508 0.057991
v -0.197226 0.216508 0.052846
v -0.421048 0.216508 0.101085
v -0.198542 0.216508 0.047666
v -0.199721 0.216508 0.042452
v -0.425762 0.216508 0.078910
v -0.200764 0.216508 0.037209
v -0.201669 0.216508 0.031941
v -0.429308 0.216508 0.056520
v -0.202436 0.216508 0.026651
v -0.203065 0.216508 0.021343
v -0.431678 0.216508 0.033974
v -0.203554 0.216508 0.016020
v -0.203903 0.216508 0.010686
v -0.432864 0.216508 0.011335
v -0.204113 0.216508 0.005345
v -0.204183 0.216508 0.000000
v -0.432864 0.216508 -0.011335
v -0.204684 0.216508 -0.005360
v -0.205050 0.216508 -0.010746
v -0.431678 0.216508 -0.033974
v -0.205273 0.216508 -0.016155
v -0.205353 0.216508 -0.021583
v -0.429308 0.216508 -0.056520
v -0.205290 0.216508 -0.027027
v -0.205082 0.216508 -0.032482
v -0.425762 0.216508 -0.078910
v -0.204728 0.216508 -0.037944
v -0.204229 0.216508 -0.043410
v -0.421048 0.216508 -0.101085
v -0.203583 0.216508 -0.048876
v -0.202791 0.216508 -0.054338
v -0.415181 0.216508 -0.122982
v -0.201852 0.216508 -0.059791
v -0.200766 0.216508 -0.065233
v -0.408176 0.216508 -0.144543
v -0.199534 0.216508 -0.070658
v -0.198154 0.216508 -0.076064
v -0.400052 0.216508 -0.165707
v -0.196628 0.216508 -0.081446
v -0.194955 0.216508 -0.086800
v -0.390831 0.216508 -0.186417
v -0.193137 0.216508 -0.092121
v -0.191173 0.216508 -0.097407
v -0.380539 0.216508 -0.206616
v -0.189064 0.216508 -0.102654
v -0.186812 0.216508 -0.107856
v -0.369204 0.216508 -0.226248
v -0.184416 0.216508 -0.113010
v -0.181878 0.216508 -0.118113
v -0.356857 0.216508 -0.245261
v -0.179200 0.216508 -0.123161
v -0.176381 0.216508 -0.128148
v -0.343532 0.216508 -0.263601
v -0.173423 0.216508 -0.133072
v -0.170329 0.216508 -0.137929
v -0.329265 0.216508 -0.281219
v -0.167098 0.216508 -0.142715
v -0.163734 0.216508 -0.147426
v -0.314096 0.216508 -0.298066
v -0.160237 0.216508 -0.152059
v -0.156609 0.216508 -0.156609
v -0.298066 0.216508 -0.314096
v -0.152853 0.216508 -0.161073
v -0.148970 0.216508 -0.165448
v -0.281219 0.216508 -0.329265
v -0.144963 0.216508 -0.169729
v -0.140833 0.216508 -0.173914
v -0.263601 0.216508 -0.343532
v -0.136583 0.216508 -0.177999
v -0.132216 0.216508 -0.181979
v -0.245261 0.216508 -0.356857
v -0.127733 0.216508 -0.185853
v -0.123139 0.216508 -0.189617
v -0.226248 0.216508 -0.369204
v -0.118434 0.216508 -0.193267
v -0.113623 0.216508 -0.196801
v -0.206616 0.216508 -0.380539
v -0.108707 0.216508 -0.200214
v -0.103691 0.216508 -0.203505
v -0.186417 0.216508 -0.390831
v -0.098577 0.216508 -0.206670
v -0.093368 0.216508 -0.209707
v -0.165707 0.216508 -0.400052
v -0.088067 0.216508 -0.212612
v -0.082678 0.216508 -0.215383
v -0.144543 0.216508 -0.408176
v -0.077204 0.216508 -0.218017
v -0.071649 0.216508 -0.220511
v -0.122982 0.216508 -0.415181
v -0.066015 0.216508 -0.222864
v -0.060308 0.216508 -0.225073
v -0.101085 0.216508 -0.421048
v -0.054530 0.216508 -0.227135
v -0.048686 0.216508 -0.229049
v -0.078910 0.216508 -0.425762
v -0.042778 0.216508 -0.230812
v -0.036812 0.216508 -0.232423
v -0.056520 0.216508 -0.429308
v -0.030791 0.216508 -0.233878
v -0.024718 0.216508 -0.235178
v -0.033974 0.216508 -0.431678
v -0.018599 0.216508 -0.236319
v -0.012436 0.216508 -0.237301
v -0.011335 0.216508 -0.432864
v -0.006235 0.216508 -0.238122
v -0.000000 0.216508 -0.238780
v 0.011335 0.216508 -0.432864
v 0.006266 0.216508 -0.239275
v 0.012557 0.216508 -0.239604
v 0.033974 0.216508 -0.431678
v 0.018870 0.216508 -0.239769
v 0.025200 0.216508 -0.239766
v 0.056520 0.216508 -0.429308
v 0.031543 0.216508 -0.239596
v 0.037895 0.216508 -0.239258
v 0.078910 0.216508 -0.425762
v 0.044250 0.216508 -0.238751
v 0.050604 0.216508 -0.238075
v 0.101085 0.216508 -0.421048
v 0.056954 0.216508 -0.237229
v 0.063293 0.216508 -0.236214
v 0.122982 0.216508 -0.415181
v 0.069619 0.216508 -0.235029
v 0.075926 0.216508 -0.233675
v 0.144543 0.216508 -0.408176
v 0.082209 0.216508 -0.232151
v 0.088464 0.216508 -0.230458
v 0.165707 0.216508 -0.400052
v 0.094687 0.216508 -0.228596
v 0.100641 0.216508 -0.226044
v 0.186417 0.216508 -0.390831
v 0.106524 0.216508 -0.223332
v 0.112334 0.216508 -0.220467
v 0.206616 0.216508 -0.380539
v 0.118066 0.216508 -0.217451
v 0.123718 0.216508 -0.214286
v 0.226248 0.216508 -0.369204
v 0.129285 0.216508 -0.210974
v 0.134763 0.216508 -0.207517
v 0.245261 0.216508 -0.356857
v 0.140149 0.216508 -0.203918
v 0.145439 0.216508 -0.200180
v 0.263601 0.216508 -0.343532
v 0.150629 0.216508 -0.196304
v 0.155716 0.216508 -0.192294
v 0.281219 0.216508 -0.329265
v 0.160697 0.216508 -0.188152
v 0.165567 0.216508 -0.183881
v 0.298066 0.216508 -0.314096
v 0.170324 0.216508 -0.179484
v 0.174964 0.216508 -0.174964
v 0.314096 0.216508 -0.298066
v 0.179484 0.216508 -0.170324
v 0.183881 0.216508 -0.165567
v 0.329265 0.216508 -0.281219
v 0.188152 0.216508 -0.160697
v 0.192294 0.216508 -0.155716
v 0.343532 0.216508 -0.263601
v 0.196304 0.216508 -0.150629
v 0.200180 0.216508 -0.145439
v 0.356857 0.216508 -0.245261
v 0.203918 0.216508 -0.140149
v 0.207517 0.216508 -0.134763
v 0.369204 0.216508 -0.226248
v 0.210974 0.216508 -0.129285
v 0.214286 0.216508 -0.123718
v 0.380539 0.216508 -0.206616
v 0.217451 0.216508 -0.118066
v 0.220467 0.216508 -0.112334
v 0.390831 0.216508 -0.186417
v 0.223332 0.216508 -0.106524
v 0.226044 0.216508 -0.100641
v 0.400052 0.216508 -0.165707
v 0.228601 0.216508 -0.094690
v 0.230468 0.216508 -0.088468
v 0.408176 0.216508 -0.144543
v 0.232161 0.216508 -0.082213
v 0.233685 0.216508 -0.075929
v 0.415181 0.216508 -0.122982
v 0.235040 0.216508 -0.069622
v 0.236225 0.216508 -0.063296
v 0.421048 0.216508 -0.101085
v 0.237240 0.216508 -0.056956
v 0.238085 0.216508 -0.050607
v 0.425762 0.216508 -0.078910
v 0.238761 0.216508 -0.044252
v 0.239268 0.216508 -0.037896
v 0.429308 0.216508 -0.056520
v 0.239607 0.216508 -0.031545
v 0.239777 0.216508 -0.025202
v 0.431678 0.216508 -0.033974
v 0.239779 0.216508 -0.018871
v 0.239615 0.216508 -0.012558
v 0.432864 0.216508 -0.011335
v 0.239285 0.216508 -0.006266
v 0.204183 -0.216508 0.000000
v 0.432864 -0.216508 0.011335
v 0.204113 -0.216508 0.005345
v 0.203903 -0.216508 0.010686
v 0.431678 -0.216508 0.033974
v 0.203554 -0.216508 0.016020
v 0.203065 -0.216508 0.021343
v 0.429308 -0.216508 0.056520
v 0.202436 -0.216508 0.026651
v 0.201669 -0.216508 0.031941
v 0.425762 -0.216508 0.078910
v 0.200764 -0.216508 0.037209
v 0.199721 -0.216508 0.042452
v 0.421048 -0.216508 0.101085
v 0.198542 -0.216508 0.047666
v 0.197226 -0.216508 0.052846
v 0.415181 -0.216508 0.122982
v 0.195775 -0.216508 0.057991
v 0.194190 -0.216508 0.063096
v 0.408176 -0.216508 0.144543
v 0.192472 -0.216508 0.068158
v 0.190621 -0.216508 0.073173
v 0.400052 -0.216508 0.165707
v 0.188641 -0.216508 0.078138
v 0.186531 -0.216508 0.083049
v 0.390831 -0.216508 0.186417
v 0.184293 -0.216508 0.087903
v 0.181929 -0.216508 0.092697
v 0.380539 -0.216508 0.206616
v 0.179440 -0.216508 0.097428
v 0.176828 -0.216508 0.102092
v 0.369204 -0.216508 0.226248
v 0.174095 -0.216508 0.106686
v 0.171242 -0.216508 0.111206
v 0.356857 -0.216508 0.245261
v 0.168273 -0.216508 0.115651
v 0.165188 -0.216508 0.120016
v 0.343532 -0.216508 0.263601
v 0.161990 -0.216508 0.124299
v 0.158680 -0.216508 0.128497
v 0.329265 -0.216508 0.281219
v 0.155262 -0.216508 0.132606
v 0.151738 -0.216508 0.136625
v 0.314096 -0.216508 0.298066
v 0.148109 -0.216508 0.140550
v 0.144379 -0.216508 0.144379
v 0.298066 -0.216508 0.314096
v 0.140948 -0.216508 0.148528
v 0.137397 -0.216508 0.152595
v 0.281219 -0.216508 0.329265
v 0.133730 -0.216508 0.156578
v 0.129948 -0.216508 0.160473
v 0.263601 -0.216508 0.343532
v 0.126054 -0.216508 0.164277
v 0.122050 -0.216508 0.167987
v 0.245261 -0.216508 0.356857
v 0.117937 -0.216508 0.171600
v 0.113719 -0.216508 0.175112
v 0.226248 -0.216508 0.369204
v 0.109397 -0.216508 0.178520
v 0.104975 -0.216508 0.181822
v 0.206616 -0.216508 0.380539
v 0.100455 -0.216508 0.185015
v 0.095839 -0.216508 0.188095
v 0.186417 -0.216508 0.390831
v 0.091131 -0.216508 0.191060
v 0.086333 -0.216508 0.193907
v 0.165707 -0.216508 0.400052
v 0.081448 -0.216508 0.196633
v 0.076480 -0.216508 0.199236
v 0.144543 -0.216508 0.408176
v 0.071430 -0.216508 0.201713
v 0.066304 -0.216508 0.204062
v 0.122982 -0.216508 0.415181
v 0.061103 -0.216508 0.206281
v 0.055832 -0.216508 0.208367
v 0.101085 -0.216508 0.421048
v 0.050493 -0.216508 0.210318
v 0.045090 -0.216508 0.212132
v 0.078910 -0.216508 0.425762
v 0.039627 -0.216508 0.213806
v 0.034106 -0.216508 0.215340
v 0.056520 -0.216508 0.429308
v 0.028533 -0.216508 0.216731
v 0.022910 -0.216508 0.217977
v 0.033974 -0.216508 0.431678
v 0.017242 -0.216508 0.219077
v 0.011531 -0.216508 0.220029
v 0.011335 -0.216508 0.432864
v 0.005783 -0.216508 0.220832
v 0.000000 -0.216508 0.221484
v -0.011335 -0.216508 0.432864
v -0.005813 -0.216508 0.221985
v -0.011652 -0.216508 0.222333
v -0.033974 -0.216508 0.431678
v -0.017513 -0.216508 0.222526
v -0.023393 -0.216508 0.222565
v -0.056520 -0.216508 0.429308
v -0.029286 -0.216508 0.222448
v -0.035189 -0.216508 0.222175
v -0.078910 -0.216508 0.425762
v -0.041098 -0.216508 0.221745
v -0.047008 -0.216508 0.221157
v -0.101085 -0.216508 0.421048
v -0.052916 -0.216508 0.220412
v -0.058817 -0.216508 0.219508
v -0.122982 -0.216508 0.415181
v -0.064707 -0.216508 0.218446
v -0.070581 -0.216508 0.217226
v -0.144543 -0.216508 0.408176
v -0.076436 -0.216508 0.215847
v -0.082266 -0.216508 0.214311
v -0.165707 -0.216508 0.400052
v -0.088069 -0.216508 0.212617
v -0.093839 -0.216508 0.210765
v -0.186417 -0.216508 0.390831
v -0.099572 -0.216508 0.208757
v -0.105264 -0.216508 0.206593
v -0.206616 -0.216508 0.380539
v -0.110911 -0.216508 0.204274
v -0.116509 -0.216508 0.201800
v -0.226248 -0.216508 0.369204
v -0.122053 -0.216508 0.199173
v -0.127539 -0.216508 0.196393
v -0.245261 -0.216508 0.356857
v -0.132963 -0.216508 0.193462
v -0.138321 -0.216508 0.190382
v -0.263601 -0.216508 0.343532
v -0.143608 -0.216508 0.187154
v -0.148821 -0.216508 0.183778
v -0.281219 -0.216508 0.329265
v -0.153955 -0.216508 0.180258
v -0.159007 -0.216508 0.176595
v -0.298066 -0.216508 0.314096
v -0.163972 -0.216508 0.172790
v -0.168847 -0.216508 0.168847
v -0.314096 -0.216508 0.298066
v -0.173627 -0.216508 0.164766
v -0.178309 -0.216508 0.160550
v -0.329265 -0.216508 0.281219
v -0.182889 -0.216508 0.156202
v -0.187364 -0.216508 0.151724
v -0.343532 -0.216508 0.263601
v -0.191729 -0.216508 0.147119
v -0.195981 -0.216508 0.142388
v -0.356857 -0.216508 0.245261
v -0.200116 -0.216508 0.137536
v -0.204131 -0.216508 0.132565
v -0.369204 -0.216508 0.226248
v -0.208023 -0.216508 0.127477
v -0.211788 -0.216508 0.122276
v -0.380539 -0.216508 0.206616
v -0.215424 -0.216508 0.116966
v -0.218925 -0.216508 0.111548
v -0.390831 -0.216508 0.186417
v -0.222291 -0.216508 0.106027
v -0.225517 -0.216508 0.100407
v -0.400052 -0.216508 0.165707
v -0.228601 -0.216508 0.094690
v -0.231001 -0.216508 0.088673
v -0.408176 -0.216508 0.144543
v -0.233243 -0.216508 0.082596
v -0.235325 -0.216508 0.076462
v -0.415181 -0.216508 0.122982
v -0.237246 -0.216508 0.070276
v -0.239005 -0.216508 0.064041
v -0.421048 -0.216508 0.101085
v -0.240599 -0.216508 0.057763
v -0.242029 -0.216508 0.051445
v -0.425762 -0.216508 0.078910
v -0.243292 -0.216508 0.045092
v -0.244390 -0.216508 0.038707
v -0.429308 -0.216508 0.056520
v -0.245319 -0.216508 0.032297
v -0.246080 -0.216508 0.025864
v -0.431678 -0.216508 0.033974
v -0.246673 -0.216508 0.019414
v -0.247097 -0.216508 0.012950
v -0.432864 -0.216508 0.011335
v -0.247351 -0.216508 0.006477
v -0.247436 -0.216508 0.000000
v -0.432864 -0.216508 -0.011335
v -0.247351 -0.216508 -0.006477
v -0.247097 -0.216508 -0.012950
v -0.431678 -0.216508 -0.033974
v -0.246673 -0.216508 -0.019414
v -0.246080 -0.216508 -0.025864
v -0.429308 -0.216508 -0.056520
v -0.245319 -0.216508 -0.032297
v -0.244390 -0.216508 -0.038707
v -0.425762 -0.216508 -0.078910
v -0.243292 -0.216508 -0.045092
v -0.242029 -0.216508 -0.051445
v -0.421048 -0.216508 -0.101085
v -0.240599 -0.216508 -0.057763
v -0.239005 -0.216508 -0.064041
v -0.415181 -0.216508 -0.122982
v -0.237246 -0.216508 -0.070276
v -0.235325 -0.216508 -0.076462
v -0.408176 -0.216508 -0.144543
v -0.233243 -0.216508 -0.082596
v -0.231001 -0.216508 -0.088673
v -0.400052 -0.216508 -0.165707
v -0.228601 -0.216508 -0.094690
v -0.225517 -0.216508 -0.100407
v -0.390831 -0.216508 -0.186417
v -0.222291 -0.216508 -0.106027
v -0.218925 -0.216508 -0.111548
v -0.380539 -0.216508 -0.206616
v -0.215424 -0.216508 -0.116966
v -0.211788 -0.216508 -0.122276
v -0.369204 -0.216508 -0.226248
v -0.208023 -0.216508 -0.127477
v -0.204131 -0.216508 -0.132565
v -0.356857 -0.216508 -0.245261
v -0.200116 -0.216508 -0.137536
v -0.195981 -0.216508 -0.142388
v -0.343532 -0.216508 -0.263601
v -0.191729 -0.216508 -0.147119
v -0.187364 -0.216508 -0.151724
v -0.329265 -0.216508 -0.281219
v -0.182889 -0.216508 -0.156202
v -0.178309 -0.216508 -0.160550
v -0.314096 -0.216508 -0.298066
v -0.173627 -0.216508 -0.164766
v -0.168847 -0.216508 -0.168847
v -0.298066 -0.216508 -0.314096
v -0.163972 -0.216508 -0.172790
v -0.159007 -0.216508 -0.176595
v -0.281219 -0.216508 -0.329265
v -0.153955 -0.216508 -0.180258
v -0.148821 -0.216508 -0.183778
v -0.263601 -0.216508 -0.343532
v -0.143608 -0.216508 -0.187154
v -0.138321 -0.216508 -0.190382
v -0.245261 -0.216508 -0.356857
v -0.132963 -0.216508 -0.193462
v -0.127539 -0.216508 -0.196393
v -0.226248 -0.216508 -0.369204
v -0.122053 -0.216508 -0.199173
v -0.116509 -0.216508 -0.201800
v -0.206616 -0.216508 -0.380539
v -0.110911 -0.216508 -0.204274
v -0.105264 -0.216508 -0.206593
v -0.186417 -0.216508 -0.390831
v -0.099572 -0.216508 -0.208757
v -0.093839 -0.216508 -0.210765
v -0.165707 -0.216508 -0.400052
v -0.088069 -0.216508 -0.212617
v -0.082266 -0.216508 -0.214311
v -0.144543 -0.216508 -0.408176
v -0.076436 -0.216508 -0.215847
v -0.070581 -0.216508 -0.217226
v -0.122982 -0.216508 -0.415181
v -0.064707 -0.216508 -0.218446
v -0.058817 -0.216508 -0.219508
v -0.101085 -0.216508 -0.421048
v -0.052916 -0.216508 -0.220412
v -0.047008 -0.216508 -0.221157
v -0.078910 -0.216508 -0.425762
v -0.041098 -0.216508 -0.221745
v -0.035189 -0.216508 -0.222175
v -0.056520 -0.216508 -0.429308
v -0.029286 -0.216508 -0.222448
v -0.023393 -0.216508 -0.222565
v -0.033974 -0.216508 -0.431678
v -0.017513 -0.216508 -0.222526
v -0.011652 -0.216508 -0.222333
v -0.011335 -0.216508 -0.432864
v -0.005813 -0.216508 -0.221985
v -0.000000 -0.216508 -0.221484
v 0.011335 -0.216508 -0.432864
v 0.005783 -0.216508 -0.220832
v 0.011531 -0.216508 -0.220029
v 0.033974 -0.216508 -0.431678
v 0.017242 -0.216508 -0.219077
v 0.022910 -0.216508 -0.217977
v 0.056520 -0.216508 -0.429308
v 0.028533 -0.216508 -0.216731
v 0.034106 -0.216508 -0.215340
v 0.078910 -0.216508 -0.425762
v 0.039627 -0.216508 -0.213806
v 0.045090 -0.216508 -0.212132
v 0.101085 -0.216508 -0.421048
v 0.050493 -0.216508 -0.210318
v 0.055832 -0.216508 -0.208367
v 0.122982 -0.216508 -0.415181
v 0.061103 -0.216508 -0.206281
v 0.066304 -0.216508 -0.204062
v 0.144543 -0.216508 -0.408176
v 0.071430 -0.216508 -0.201713
v 0.076480 -0.216508 -0.199236
v 0.165707 -0.216508 -0.400052
v 0.081448 -0.216508 -0.196633
v 0.086333 -0.216508 -0.193907
v 0.186417 -0.216508 -0.390831
v 0.091131 -0.216508 -0.191060
v 0.095839 -0.216508 -0.188095
v 0.206616 -0.216508 -0.380539
v 0.100455 -0.216508 -0.185015
v 0.104975 -0.216508 -0.181822
v 0.226248 -0.216508 -0.369204
v 0.109397 -0.216508 -0.178520
v 0.113719 -0.216508 -0.175112
v 0.245261 -0.216508 -0.356857
v 0.117937 -0.216508 -0.171600
v 0.122050 -0.216508 -0.167987
v 0.263601 -0.216508 -0.343532
v 0.126054 -0.216508 -0.164277
v 0.129948 -0.216508 -0.160473
v 0.281219 -0.216508 -0.329265
v 0.133730 -0.216508 -0.156578
v 0.137397 -0.216508 -0.152595
v 0.298066 -0.216508 -0.314096
v 0.140948 -0.216508 -0.148528
v 0.144379 -0.216508 -0.144379
v 0.314096 -0.216508 -0.298066
v 0.148109 -0.216508 -0.140550
v 0.151738 -0.216508 -0.136625
v 0.329265 -0.216508 -0.281219
v 0.155262 -0.216508 -0.132606
v 0.158680 -0.216508 -0.128497
v 0.343532 -0.216508 -0.263601
v 0.161990 -0.216508 -0.124299
v 0.165188 -0.216508 -0.120016
v 0.356857 -0.216508 -0.245261
v 0.168273 -0.216508 -0.115651
v 0.171242 -0.216508 -0.111206
v 0.369204 -0.216508 -0.226248
v 0.174095 -0.216508 -0.106686
v 0.176828 -0.216508 -0.102092
v 0.380539 -0.216508 -0.206616
v 0.179440 -0.216508 -0.097428
v 0.181929 -0.216508 -0.092697
v 0.390831 -0.216508 -0.186417
v 0.184293 -0.216508 -0.087903
v 0.186531 -0.216508 -0.083049
v 0.400052 -0.216508 -0.165707
v 0.188641 -0.216508 -0.078138
v 0.190621 -0.216508 -0.073173
v 0.408176 -0.216508 -0.144543
v 0.192472 -0.216508 -0.068158
v 0.194190 -0.216508 -0.063096
v 0.415181 -0.216508 -0.122982
v 0.195775 -0.216508 -0.057991
v 0.197226 -0.216508 -0.052846
v 0.421048 -0.216508 -0.101085
v 0.198542 -0.216508 -0.047666
v 0.199721 -0.216508 -0.042452
v 0.425762 -0.216508 -0.078910
v 0.200764 -0.216508 -0.037209
v 0.201669 -0.216508 -0.031941
v 0.429308 -0.216508 -0.056520
v 0.202436 -0.216508 -0.026651
v 0.203065 -0.216508 -0.021343
v 0.431678 -0.216508 -0.033974
v 0.203554 -0.216508 -0.016020
v 0.203903 -0.216508 -0.010686
v 0.432864 -0.216508 -0.011335
v 0.204113 -0.216508 -0.005345
vn 0.4641 -0.8857 0.0040
vn 0.4641 -0.8857 0.0041
vn 0.8660 0.0000 0.5000
vn 0.4641 0.8857 0.0041
vn 0.4641 0.8857 0.0040
vn 0.4640 -0.8857 0.0122
vn 0.4640 -0.8857 0.0121
vn 0.8660 0.0000 0.5000
vn 0.4640 0.8857 0.0121
vn 0.4640 0.8857 0.0122
vn 0.4637 -0.8857 0.0202
vn 0.4637 -0.8857 0.0202
vn 0.8660 0.0000 0.5000
vn 0.4637 0.8857 0.0202
vn 0.4637 0.8857 0.0202
vn 0.4633 -0.8857 0.0283
vn 0.4633 -0.8857 0.0283
vn 0.8660 0.0000 0.5000
vn 0.8660 0.0000 0.5000
vn 0.4633 0.8857 0.0283
vn 0.4633 0.8857 0.0283
vn 0.4627 -0.8857 0.0364
vn 0.4627 -0.8857 0.0364
vn 0.8660 0.0000 0.5000
vn 0.4627 0.8857 0.0364
vn 0.4627 0.8857 0.0364
vn 0.4620 -0.8857 0.0445
vn 0.4620 -0.8857 0.0445
vn 0.8660 0.0000 0.5000
vn 0.4620 0.8857 0.0445
vn 0.4620 0.8857 0.0445
vn 0.4612 -0.8857 0.0525
vn 0.4612 -0.8857 0.0525
vn 0.8660 0.0000 0.5000
vn 0.4612 0.8857 0.0525
vn 0.4612 0.8857 0.0525
vn 0.4602 -0.8857 0.0606
vn 0.4602 -0.8857 0.0606
vn 0.8660 0.0000 0.5000
vn 0.4602 0.8857 0.0606
vn 0.4602 0.8857 0.0606
vn 0.4591 -0.8857 0.0686
vn 0.4591 -0.8857 0.0686
vn 0.8660 0.0000 0.5000
vn 0.8660 0.0000 0.5000
vn 0.4591 0.8857 0.0686
vn 0.4591 0.8857 0.0686
vn 0.4578 -0.8857 0.0766
vn 0.4578 -0.8857 0.0766
vn 0.8660 0.0000 0.5000
vn 0.8660 0.0000 0.5000
vn 0.4578 0.8857 0.0766
vn 0.4578 0.8857 0.0766
vn 0.4564 -0.8857 0.0846
vn 0.4564 -0.8857 0.0846
vn 0.8660 0.0000 0.5000
vn 0.4564 0.8857 0.0846
vn 0.4564 0.8857 0.0846
vn 0.4548 -0.8857 0.0925
vn 0.4548 -0.8857 0.0925
vn 0.8660 0.0000 0.5000
vn 0.4548 0.8857 0.0925
vn 0.4548 0.8857 0.0925
vn 0.4532 -0.8857 0.1005
vn 0.4532 -0.8857 0.1005
vn 0.8660 0.0000 0.5000
vn 0.4532 0.8857 0.1005
vn 0.4532 0.8857 0.1005
vn 0.4513 -0.8857 0.1084
vn 0.4513 -0.8857 0.1084
vn 0.4513 0.8857 0.1084
vn 0.4513 0.8857 0.1084
vn 0.4494 -0.8857 0.1162
vn 0.4494 -0.8857 0.1162
vn 0.8660 0.0000 0.5000
vn 0.4494 0.8857 0.1162
vn 0.4494 0.8857 0.1162
vn 0.4473 -0.8857 0.1240
vn 0.4473 -0.8857 0.1240
vn 0.8660 0.0000 0.5000
vn 0.4473 0.8857 0.1240
vn 0.4473 0.8857 0.1240
vn 0.4451 -0.8857 0.1318
vn 0.4451 -0.8857 0.1318
vn 0.8660 0.0000 0.5000
vn 0.8660 0.0000 0.5000
vn 0.4451 0.8857 0.1318
vn 0.4450 0.8857 0.1318
vn 0.4427 -0.8857 0.1396
vn 0.4427 -0.8857 0.1396
vn 0.4427 0.8857 0.1396
vn 0.4427 0.8857 0.1396
vn 0.4402 -0.8857 0.1473
vn 0.4402 -0.8857 0.1473
vn 0.8660 0.0000 0.5000
vn 0.4402 0.8857 0.1473
vn 0.4402 0.8857 0.1473
vn 0.4375 -0.8857 0.1549
vn 0.4375 -0.8857 0.1549
vn 0.8660 0.0000 0.5000
vn 0.4375 0.8857 0.1549
vn 0.4375 0.8857 0.1549
vn 0.4348 -0.8857 0.1626
vn 0.4348 -0.8857 0.1626
vn 0.8660 0.0000 0.5000
vn 0.4348 0.8857 0.1626
vn 0.4348 0.8857 0.1626
vn 0.4319 -0.8857 0.1701
vn 0.4319 -0.8858 0.1701
vn 0.8660 0.0000 0.5000
vn 0.4319 0.8857 0.1701
vn 0.4319 0.8858 0.1701
vn 0.4288 -0.8858 0.1776
vn 0.4288 -0.8857 0.1776
vn 0.8660 0.0000 0.5000
vn 0.8660 0.0000 0.5000
vn 0.4288 0.8858 0.1776
vn 0.4288 0.8857 0.1776
vn 0.4257 -0.8857 0.1851
vn 0.4257 -0.8858 0.1851
vn 0.8660 0.0000 0.5000
vn 0.4257 0.8857 0.1851
vn 0.4257 0.8858 0.1851
vn 0.4224 -0.8858 0.1925
vn 0.4224 -0.8857 0.1925
vn 0.8660 0.0000 0.5000
vn 0.4224 0.8858 0.1925
vn 0.4224 0.8857 0.1925
vn 0.4190 -0.8857 0.1998
vn 0.4189 -0.8858 0.1998
vn 0.8660 0.0000 0.5000
vn 0.4190 0.8857 0.1998
vn 0.4189 0.8858 0.1998
vn 0.4154 -0.8858 0.2071
vn 0.4154 -0.8858 0.2071
vn 0.8660 0.0000 0.5000
vn 0.8660 0.0000 0.5000
vn 0.4154 0.8858 0.2071
vn 0.4154 0.8858 0.2071
vn 0.4117 -0.8858 0.2143
vn 0.4117 -0.8858 0.2143
vn 0.4117 0.8858 0.2143
vn 0.4117 0.8858 0.2143
vn 0.4079 -0.8858 0.2215
vn 0.4077 -0.8859 0.2214
vn 0.4079 0.8858 0.2215
vn 0.4077 0.8859 0.2214
vn 0.4038 -0.8859 0.2285
vn 0.0000 0.0000 0.0000
vn 0.4038 0.8859 0.2285
vn 0.3999 -0.8858 0.2356
vn 0.3999 0.8858 0.2356
vn 0.3957 -0.8858 0.2425
vn 0.3958 -0.8857 0.2425
vn 0.3957 0.8858 0.2425
vn 0.3958 0.8857 0.2425
vn 0.3915 -0.8857 0.2494
vn 0.3915 -0.8858 0.2494
vn 0.3915 0.8857 0.2494
vn 0.3915 0.8858 0.2494
vn 0.3871 -0.8858 0.2562
vn 0.3871 -0.8857 0.2562
vn 0.3871 0.8858 0.2562
vn 0.3871 0.8857 0.2562
vn 0.3825 -0.8857 0.2629
vn 0.3825 -0.8858 0.2629
vn 0.3825 0.8857 0.2629
vn 0.3825 0.8858 0.2629
vn 0.3779 -0.8858 0.2695
vn 0.3779 -0.8857 0.2695
vn 0.3779 0.8858 0.2695
vn 0.3779 0.8857 0.2695
vn 0.3731 -0.8857 0.2761
vn 0.3731 -0.8857 0.2761
vn 0.3731 0.8857 0.2761
vn 0.3731 0.8857 0.2761
vn 0.3682 -0.8857 0.2826
vn 0.3682 -0.8858 0.2826
vn 0.8660 0.0000 0.5000
vn 0.3682 0.8857 0.2826
vn 0.3682 0.8858 0.2826
vn 0.3633 -0.8858 0.2889
vn 0.3633 -0.8858 0.2889
vn 0.8660 0.0000 0.5000
vn 0.3633 0.8858 0.2889
vn 0.3633 0.8858 0.2889
vn 0.3582 -0.8858 0.2952
vn 0.3582 -0.8857 0.2952
vn 0.3582 0.8858 0.2952
vn 0.3582 0.8857 0.2952
vn 0.3530 -0.8857 0.3015
vn 0.3530 -0.8857 0.3015
vn 0.3530 0.8857 0.3015
vn 0.3530 0.8857 0.3015
vn 0.3476 -0.8857 0.3076
vn 0.3476 -0.8857 0.3076
vn 0.3476 0.8857 0.3076
vn 0.3476 0.8857 0.3076
vn 0.3422 -0.8857 0.3136
vn 0.3422 -0.8857 0.3136
vn 0.3422 0.8857 0.3136
vn 0.3422 0.8857 0.3136
vn 0.3367 -0.8857 0.3195
vn 0.3367 -0.8857 0.3195
vn 0.8660 0.0000 0.5000
vn 0.3367 0.8857 0.3195
vn 0.3367 0.8857 0.3195
vn 0.3311 -0.8857 0.3253
vn 0.3311 -0.8857 0.3253
vn 0.3311 0.8857 0.3253
vn 0.3311 0.8857 0.3253
vn 0.3253 -0.8857 0.3311
vn 0.3253 -0.8857 0.3311
vn 0.3253 0.8857 0.3311
vn 0.3253 0.8857 0.3311
vn 0.3195 -0.8857 0.3367
vn 0.3195 -0.8857 0.3367
vn 0.3195 0.8857 0.3367
vn 0.3195 0.8857 0.3367
vn 0.3136 -0.8857 0.3422
vn 0.3136 -0.8857 0.3422
vn 0.8660 0.0000 0.5000
vn 0.3136 0.8857 0.3422
vn 0.3136 0.8857 0.3422
vn 0.3076 -0.8857 0.3476
vn 0.3076 -0.8857 0.3476
vn 0.8660 0.0000 0.5000
vn 0.3076 0.8857 0.3476
vn 0.3076 0.8857 0.3476
vn 0.3015 -0.8857 0.3530
vn 0.3015 -0.8857 0.3530
vn 0.3015 0.8857 0.3530
vn 0.3015 0.8857 0.3530
vn 0.2952 -0.8857 0.3582
vn 0.2952 -0.8857 0.3582
vn 0.2952 0.8857 0.3582
vn 0.2952 0.8857 0.3582
vn 0.2890 -0.8857 0.3633
vn 0.2889 -0.8857 0.3633
vn 0.2889 0.8857 0.3633
vn 0.2890 0.8857 0.3633
vn 0.2826 -0.8857 0.3682
vn 0.2826 -0.8857 0.3682
vn 0.2826 0.8857 0.3682
vn 0.2826 0.8857 0.3682
vn 0.2761 -0.8857 0.3731
vn 0.2761 -0.8857 0.3731
vn 0.8660 0.0000 0.5000
vn 0.8660 0.0000 0.5000
vn 0.2761 0.8857 0.3731
vn 0.2761 0.8857 0.3731
vn 0.2695 -0.8857 0.3779
vn 0.2695 -0.8857 0.3779
vn 0.2695 0.8857 0.3779
vn 0.2695 0.8857 0.3779
vn 0.2629 -0.8857 0.3825
vn 0.2629 -0.8857 0.3825
vn 0.2629 0.8857 0.3825
vn 0.2629 0.8857 0.3825
vn 0.2562 -0.8857 0.3871
vn 0.2562 -0.8857 0.3871
vn 0.8660 0.0000 0.5000
vn 0.2562 0.8857 0.3871
vn 0.2562 0.8857 0.3871
vn 0.2494 -0.8857 0.3915
vn 0.2494 -0.8857 0.3915
vn 0.2494 0.8857 0.3915
vn 0.2494 0.8857 0.3915
vn 0.2425 -0.8857 0.3958
vn 0.2425 -0.8857 0.3958
vn 0.2425 0.8857 0.3958
vn 0.2425 0.8857 0.3958
vn 0.2356 -0.8857 0.3999
vn 0.2356 -0.8857 0.3999
vn 0.8660 0.0000 0.5000
vn 0.2356 0.8857 0.3999
vn 0.2356 0.8857 0.3999
vn 0.2286 -0.8857 0.4040
vn 0.2286 -0.8857 0.4040
vn 0.0000 0.0000 1.0000
vn 0.2286 0.8857 0.4040
vn 0.2286 0.8857 0.4040
vn 0.2215 -0.8857 0.4079
vn 0.2215 -0.8857 0.4079
vn 0.2215 0.8857 0.4079
vn 0.2215 0.8857 0.4079
vn 0.2143 -0.8857 0.4117
vn 0.2143 -0.8857 0.4117
vn 0.2143 0.8857 0.4117
vn 0.2143 0.8857 0.4117
vn 0.2071 -0.8857 0.4154
vn 0.2071 -0.8857 0.4154
vn 0.2071 0.8857 0.4154
vn 0.2071 0.8857 0.4154
vn 0.1998 -0.8857 0.4189
vn 0.1998 -0.8857 0.4189
vn 0.1998 0.8857 0.4189
vn 0.1998 0.8857 0.4189
vn 0.1925 -0.8857 0.4224
vn 0.1925 -0.8857 0.4224
vn 0.1925 0.8857 0.4224
vn 0.1925 0.8857 0.4224
vn 0.1851 -0.8857 0.4257
vn 0.1851 -0.8857 0.4257
vn 0.1851 0.8857 0.4257
vn 0.1851 0.8857 0.4257
vn 0.1776 -0.8857 0.4288
vn 0.1776 -0.8857 0.4288
vn 0.1776 0.8857 0.4288
vn 0.1776 0.8857 0.4288
vn 0.1701 -0.8857 0.4319
vn 0.1701 -0.8857 0.4319
vn 0.1701 0.8857 0.4319
vn 0.1701 0.8857 0.4319
vn 0.1626 -0.8857 0.4348
vn 0.1626 -0.8857 0.4348
vn 0.1626 0.8857 0.4348
vn 0.1626 0.8857 0.4348
vn 0.1549 -0.8857 0.4375
vn 0.1549 -0.8857 0.4375
vn 0.1549 0.8857 0.4375
vn 0.1549 0.8857 0.4375
vn 0.1473 -0.8857 0.4402
vn 0.1473 -0.8857 0.4402
vn 0.1473 0.8857 0.4402
vn 0.1473 0.8857 0.4402
vn 0.1396 -0.8857 0.4427
vn 0.1396 -0.8857 0.4427
vn 0.1396 0.8857 0.4427
vn 0.1396 0.8857 0.4427
vn 0.1318 -0.8857 0.4451
vn 0.1318 -0.8857 0.4450
vn 0.1318 0.8857 0.4451
vn 0.1318 0.8857 0.4451
vn 0.1240 -0.8857 0.4473
vn 0.1240 -0.8857 0.4473
vn 0.1240 0.8857 0.4473
vn 0.1240 0.8857 0.4473
vn 0.1162 -0.8857 0.4494
vn 0.1162 -0.8857 0.4494
vn 0.1162 0.8857 0.4494
vn 0.1162 0.8857 0.4494
vn 0.1084 -0.8857 0.4513
vn 0.1084 -0.8857 0.4513
vn 0.1084 0.8857 0.4513
vn 0.1084 0.8857 0.4513
vn 0.1005 -0.8857 0.4532
vn 0.1005 -0.8857 0.4532
vn 0.1005 0.8857 0.4532
vn 0.1005 0.8857 0.4532
vn 0.0925 -0.8857 0.4548
vn 0.0925 -0.8857 0.4548
vn 0.0925 0.8857 0.4548
vn 0.0925 0.8857 0.4548
vn 0.0846 -0.8857 0.4564
vn 0.0846 -0.8857 0.4564
vn 0.0846 0.8857 0.4564
vn 0.0846 0.8857 0.4564
vn 0.0766 -0.8857 0.4578
vn 0.0766 -0.8857 0.4578
vn 0.0766 0.8857 0.4578
vn 0.0766 0.8857 0.4578
vn 0.0686 -0.8857 0.4591
vn 0.0686 -0.8857 0.4591
vn 0.0686 0.8857 0.4591
vn 0.0686 0.8857 0.4591
vn 0.0606 -0.8857 0.4602
vn 0.0606 -0.8857 0.4602
vn 0.0606 0.8857 0.4602
vn 0.0606 0.8857 0.4602
vn 0.0525 -0.8857 0.4612
vn 0.0525 -0.8857 0.4612
vn 0.0525 0.8857 0.4612
vn 0.0525 0.8857 0.4612
vn 0.0445 -0.8857 0.4620
vn 0.0445 -0.8858 0.4620
vn 0.0445 0.8857 0.4620
vn 0.0445 0.8858 0.4620
vn 0.0364 -0.8858 0.4627
vn 0.0364 -0.8858 0.4627
vn 0.0364 0.8858 0.4627
vn 0.0364 0.8858 0.4627
vn 0.0283 -0.8858 0.4633
vn 0.0283 -0.8857 0.4633
vn 0.0283 0.8858 0.4633
vn 0.0283 0.8857 0.4633
vn 0.0202 -0.8857 0.4637
vn 0.0202 -0.8858 0.4637
vn 0.0202 0.8857 0.4637
vn 0.0202 0.8858 0.4637
vn 0.0122 -0.8858 0.4640
vn 0.0122 -0.8858 0.4639
vn 0.0122 0.8858 0.4640
vn 0.0121 0.8858 0.4639
vn 0.0040 -0.8858 0.4640
vn 0.0040 0.8858 0.4640
vn -0.0040 -0.8858 0.4640
vn -0.0040 0.8858 0.4640
vn -0.0121 -0.8858 0.4639
vn -0.0122 -0.8858 0.4640
vn -0.0122 0.8858 0.4639
vn -0.0122 0.8858 0.4640
vn -0.0202 -0.8858 0.4637
vn -0.0202 -0.8857 0.4637
vn -0.0202 0.8858 0.4637
vn -0.0202 0.8857 0.4637
vn -0.0283 -0.8857 0.4633
vn -0.0283 -0.8858 0.4633
vn -0.0283 0.8857 0.4633
vn -0.0283 0.8858 0.4633
vn -0.0364 -0.8858 0.4627
vn -0.0364 -0.8858 0.4627
vn -0.0364 0.8858 0.4627
vn -0.0364 0.8858 0.4627
vn -0.0445 -0.8858 0.4620
vn -0.0445 -0.8857 0.4620
vn -0.0445 0.8858 0.4620
vn -0.0445 0.8857 0.4620
vn -0.0525 -0.8857 0.4612
vn -0.0525 -0.8857 0.4612
vn -0.0525 0.8857 0.4612
vn -0.0525 0.8857 0.4612
vn -0.0606 -0.8857 0.4602
vn -0.0606 -0.8857 0.4602
vn -0.0606 0.8857 0.4602
vn -0.0606 0.8857 0.4602
vn -0.0686 -0.8857 0.4591
vn -0.0686 -0.8857 0.4591
vn -0.0686 0.8857 0.4591
vn -0.0686 0.8857 0.4591
vn -0.0766 -0.8857 0.4578
vn -0.0766 -0.8857 0.4578
vn -0.0766 0.8857 0.4578
vn -0.0766 0.8857 0.4578
vn -0.0846 -0.8857 0.4564
vn -0.0846 -0.8857 0.4564
vn -0.0846 0.8857 0.4564
vn -0.0846 0.8857 0.4564
vn -0.0925 -0.8857 0.4548
vn -0.0925 -0.8857 0.4548
vn -0.0925 0.8857 0.4548
vn -0.0925 0.8857 0.4548
vn -0.1005 -0.8857 0.4532
vn -0.1005 -0.8857 0.4532
vn -0.1005 0.8857 0.4532
vn -0.1005 0.8857 0.4532
vn -0.1084 -0.8857 0.4513
vn -0.1084 -0.8857 0.4513
vn -0.1084 0.8857 0.4513
vn -0.1084 0.8857 0.4513
vn -0.1162 -0.8857 0.4494
vn -0.1162 -0.8857 0.4494
vn -0.1162 0.8857 0.4494
vn -0.1162 0.8857 0.4494
vn -0.1240 -0.8857 0.4473
vn -0.1240 -0.8857 0.4473
vn -0.1240 0.8857 0.4473
vn -0.1240 0.8857 0.4473
vn -0.1318 -0.8857 0.4451
vn -0.1318 -0.8857 0.4451
vn -0.1318 0.8857 0.4450
vn -0.1318 0.8857 0.4451
vn -0.1396 -0.8857 0.4427
vn -0.1396 -0.8857 0.4427
vn -0.1396 0.8857 0.4427
vn -0.1396 0.8857 0.4427
vn -0.1473 -0.8857 0.4402
vn -0.1473 -0.8857 0.4402
vn -0.1473 0.8857 0.4402
vn -0.1473 0.8857 0.4402
vn -0.1549 -0.8857 0.4375
vn -0.1549 -0.8857 0.4375
vn -0.1549 0.8857 0.4375
vn -0.1549 0.8857 0.4375
vn -0.1626 -0.8857 0.4348
vn -0.1626 -0.8857 0.4348
vn -0.1626 0.8857 0.4348
vn -0.1626 0.8857 0.4348
vn -0.1701 -0.8857 0.4319
vn -0.1701 -0.8857 0.4319
vn -0.1701 0.8857 0.4319
vn -0.1701 0.8857 0.4319
vn -0.1776 -0.8857 0.4288
vn -0.1776 -0.8857 0.4288
vn -0.1776 0.8857 0.4288
vn -0.1776 0.8857 0.4288
vn -0.1851 -0.8857 0.4257
vn -0.1851 -0.8857 0.4257
vn -0.1851 0.8857 0.4257
vn -0.1851 0.8857 0.4257
vn -0.1925 -0.8857 0.4224
vn -0.1925 -0.8857 0.4224
vn -0.1925 0.8857 0.4224
vn -0.1925 0.8857 0.4224
vn -0.1998 -0.8857 0.4189
vn -0.1998 -0.8857 0.4189
vn -0.1998 0.8857 0.4189
vn -0.1998 0.8857 0.4189
vn -0.2071 -0.8857 0.4154
vn -0.2071 -0.8857 0.4154
vn -0.2071 0.8857 0.4154
vn -0.2071 0.8857 0.4154
vn -0.2143 -0.8857 0.4117
vn -0.2143 -0.8857 0.4117
vn -0.2143 0.8857 0.4117
vn -0.2143 0.8857 0.4117
vn -0.2215 -0.8857 0.4079
vn -0.2215 -0.8857 0.4079
vn -0.2215 0.8857 0.4079
vn -0.2215 0.8857 0.4079
vn -0.2286 -0.8857 0.4040
vn -0.2286 -0.8857 0.4040
vn -0.2286 0.8857 0.4040
vn -0.2286 0.8857 0.4040
vn -0.2356 -0.8857 0.3999
vn -0.2356 -0.8857 0.3999
vn -0.8660 0.0000 0.5000
vn -0.2356 0.8857 0.3999
vn -0.2356 0.8857 0.3999
vn -0.2425 -0.8857 0.3958
vn -0.2425 -0.8857 0.3958
vn -0.8660 0.0000 0.5000
vn -0.2425 0.8857 0.3958
vn -0.2425 0.8857 0.3958
vn -0.2494 -0.8857 0.3915
vn -0.2494 -0.8857 0.3915
vn -0.8660 0.0000 0.5000
vn -0.2494 0.8857 0.3915
vn -0.2494 0.8857 0.3915
vn -0.2562 -0.8857 0.3871
vn -0.2562 -0.8857 0.3871
vn -0.8660 0.0000 0.5000
vn -0.2562 0.8857 0.3871
vn -0.2562 0.8857 0.3871
vn -0.2629 -0.8857 0.3825
vn -0.2629 -0.8857 0.3825
vn -0.8660 0.0000 0.5000
vn -0.2629 0.8857 0.3825
vn -0.2629 0.8857 0.3825
vn -0.2695 -0.8857 0.3779
vn -0.2695 -0.8857 0.3779
vn -0.8660 0.0000 0.5000
vn -0.2695 0.8857 0.3779
vn -0.2695 0.8857 0.3779
vn -0.2761 -0.8857 0.3731
vn -0.2761 -0.8857 0.3731
vn -0.8660 0.0000 0.5000
vn -0.8660 0.0000 0.5000
vn -0.2761 0.8857 0.3731
vn -0.2761 0.8857 0.3731
vn -0.2826 -0.8857 0.3682
vn -0.2826 -0.8857 0.3682
vn -0.8660 0.0000 0.5000
vn -0.2826 0.8857 0.3682
vn -0.2826 0.8857 0.3682
vn -0.2890 -0.8857 0.3633
vn -0.2889 -0.8857 0.3633
vn -0.8660 0.0000 0.5000
vn -0.2889 0.8857 0.3633
vn -0.2890 0.8857 0.3633
vn -0.2952 -0.8857 0.3582
vn -0.2952 -0.8857 0.3582
vn -0.2952 0.8857 0.3582
vn -0.2952 0.8857 0.3582
vn -0.3015 -0.8857 0.3530
vn -0.3015 -0.8857 0.3530
vn -0.8660 0.0000 0.5000
vn -0.3015 0.8857 0.3530
vn -0.3015 0.8857 0.3530
vn -0.3076 -0.8857 0.3476
vn -0.3076 -0.8857 0.3476
vn -0.8660 0.0000 0.5000
vn -0.8660 0.0000 0.5000
vn -0.3076 0.8857 0.3476
vn -0.3076 0.8857 0.3476
vn -0.3136 -0.8857 0.3422
vn -0.3136 -0.8857 0.3422
vn -0.8660 0.0000 0.5000
vn -0.8660 0.0000 0.5000
vn -0.3136 0.8857 0.3422
vn -0.3136 0.8857 0.3422
vn -0.3195 -0.8857 0.3367
vn -0.3195 -0.8857 0.3367
vn -0.8660 0.0000 0.5000
vn -0.3195 0.8857 0.3367
vn -0.3195 0.8857 0.3367
vn -0.3253 -0.8857 0.3311
vn -0.3253 -0.8857 0.3311
vn -0.8660 0.0000 0.5000
vn -0.3253 0.8857 0.3311
vn -0.3253 0.8857 0.3311
vn -0.3311 -0.8857 0.3253
vn -0.3311 -0.8857 0.3253
vn -0.8660 0.0000 0.5000
vn -0.3311 0.8857 0.3253
vn -0.3311 0.8857 0.3253
vn -0.3367 -0.8857 0.3195
vn -0.3367 -0.8857 0.3195
vn -0.8660 0.0000 0.5000
vn -0.3367 0.8857 0.3195
vn -0.3367 0.8857 0.3195
vn -0.3422 -0.8857 0.3136
vn -0.3422 -0.8857 0.3136
vn -0.8660 0.0000 0.5000
vn -0.3422 0.8857 0.3136
vn -0.3422 0.8857 0.3136
vn -0.3476 -0.8857 0.3076
vn -0.3476 -0.8857 0.3076
vn -0.8660 0.0000 0.5000
vn -0.3476 0.8857 0.3076
vn -0.3476 0.8857 0.3076
vn -0.3530 -0.8857 0.3015
vn -0.3530 -0.8857 0.3015
vn -0.3530 0.8857 0.3015
vn -0.3530 0.8857 0.3015
vn -0.3582 -0.8857 0.2952
vn -0.3582 -0.8858 0.2952
vn -0.3582 0.8857 0.2952
vn -0.3582 0.8858 0.2952
vn -0.3633 -0.8858 0.2889
vn -0.3633 -0.8858 0.2889
vn -0.8660 0.0000 0.5000
vn -0.3633 0.8858 0.2889
vn -0.3633 0.8858 0.2889
vn -0.3682 -0.8858 0.2826
vn -0.3682 -0.8857 0.2826
vn -0.3682 0.8858 0.2826
vn -0.3682 0.8857 0.2826
vn -0.3731 -0.8857 0.2761
vn -0.3731 -0.8857 0.2761
vn -0.8660 0.0000 0.5000
vn -0.3731 0.8857 0.2761
vn -0.3731 0.8857 0.2761
vn -0.3779 -0.8857 0.2695
vn -0.3779 -0.8858 0.2695
vn -0.8660 0.0000 0.5000
vn -0.3779 0.8857 0.2695
vn -0.3779 0.8858 0.2695
vn -0.3825 -0.8858 0.2629
vn -0.3825 -0.8857 0.2629
vn -0.8660 0.0000 0.5000
vn -0.3825 0.8858 0.2629
vn -0.3825 0.8857 0.2629
vn -0.3871 -0.8857 0.2562
vn -0.3871 -0.8858 0.2562
vn -0.8660 0.0000 0.5000
vn -0.3871 0.8857 0.2562
vn -0.3871 0.8858 0.2562
vn -0.3915 -0.8858 0.2494
vn -0.3915 -0.8857 0.2494
vn -0.8660 0.0000 0.5000
vn -0.3915 0.8858 0.2494
vn -0.3915 0.8857 0.2494
vn -0.3958 -0.8857 0.2425
vn -0.3957 -0.8858 0.2425
vn -0.3958 0.8857 0.2425
vn -0.3957 0.8858 0.2425
vn -0.3999 -0.8858 0.2356
vn -0.3999 0.8858 0.2356
vn -0.4038 -0.8859 0.2285
vn -0.4038 0.8859 0.2285
vn -0.4077 -0.8859 0.2214
vn -0.4079 -0.8858 0.2215
vn -0.4077 0.8859 0.2214
vn -0.4079 0.8858 0.2215
vn -0.4117 -0.8858 0.2143
vn -0.4117 -0.8858 0.2143
vn -0.4117 0.8858 0.2143
vn -0.4117 0.8858 0.2143
vn -0.4154 -0.8858 0.2071
vn -0.4154 -0.8858 0.2071
vn -0.4154 0.8858 0.2071
vn -0.4154 0.8858 0.2071
vn -0.4189 -0.8858 0.1998
vn -0.4190 -0.8857 0.1998
vn -0.4189 0.8858 0.1998
vn -0.4190 0.8857 0.1998
vn -0.4224 -0.8857 0.1925
vn -0.4224 -0.8858 0.1925
vn -0.4224 0.8857 0.1925
vn -0.4224 0.8858 0.1925
vn -0.4257 -0.8858 0.1851
vn -0.4257 -0.8857 0.1851
vn -0.4257 0.8858 0.1851
vn -0.4257 0.8857 0.1851
vn -0.4288 -0.8857 0.1776
vn -0.4288 -0.8858 0.1776
vn -0.8660 0.0000 0.5000
vn -0.4288 0.8857 0.1776
vn -0.4288 0.8858 0.1776
vn -0.4319 -0.8858 0.1701
vn -0.4319 -0.8857 0.1701
vn -0.8660 0.0000 0.5000
vn -0.4319 0.8858 0.1701
vn -0.4319 0.8857 0.1701
vn -0.4348 -0.8857 0.1626
vn -0.4348 -0.8857 0.1626
vn -0.8660 0.0000 0.5000
vn -0.4348 0.8857 0.1626
vn -0.4348 0.8857 0.1626
vn -0.4375 -0.8857 0.1549
vn -0.4375 -0.8857 0.1549
vn -0.8660 0.0000 0.5000
vn -0.4375 0.8857 0.1549
vn -0.4375 0.8857 0.1549
vn -0.4402 -0.8857 0.1473
vn -0.4402 -0.8857 0.1473
vn -0.4402 0.8857 0.1473
vn -0.4402 0.8857 0.1473
vn -0.4427 -0.8857 0.1396
vn -0.4427 -0.8857 0.1396
vn -0.4427 0.8857 0.1396
vn -0.4427 0.8857 0.1396
vn -0.4450 -0.8857 0.1318
vn -0.4451 -0.8857 0.1318
vn -0.8660 0.0000 0.5000
vn -0.8660 0.0000 0.5000
vn -0.4451 0.8857 0.1318
vn -0.4451 0.8857 0.1318
vn -0.4473 -0.8857 0.1240
vn -0.4473 -0.8857 0.1240
vn -0.4473 0.8857 0.1240
vn -0.4473 0.8857 0.1240
vn -0.4494 -0.8857 0.1162
vn -0.4494 -0.8857 0.1162
vn -0.4494 0.8857 0.1162
vn -0.4494 0.8857 0.1162
vn -0.4513 -0.8857 0.1084
vn -0.4513 -0.8857 0.1084
vn -0.4513 0.8857 0.1084
vn -0.4513 0.8857 0.1084
vn -0.4532 -0.8857 0.1005
vn -0.4532 -0.8857 0.1005
vn -0.4532 0.8857 0.1005
vn -0.4532 0.8857 0.1005
vn -0.4548 -0.8857 0.0925
vn -0.4548 -0.8857 0.0925
vn -0.4548 0.8857 0.0925
vn -0.4548 0.8857 0.0925
vn -0.4564 -0.8857 0.0846
vn -0.4564 -0.8857 0.0846
vn -0.8660 0.0000 0.5000
vn -0.4564 0.8857 0.0846
vn -0.4564 0.8857 0.0846
vn -0.4578 -0.8857 0.0766
vn -0.4578 -0.8857 0.0766
vn -0.4578 0.8857 0.0766
vn -0.4578 0.8857 0.0766
vn -0.4591 -0.8857 0.0686
vn -0.4591 -0.8857 0.0686
vn -0.8660 0.0000 0.5000
vn -0.8660 0.0000 0.5000
vn -0.4591 0.8857 0.0686
vn -0.4591 0.8857 0.0686
vn -0.4602 -0.8857 0.0606
vn -0.4602 -0.8857 0.0606
vn -0.8660 0.0000 0.5000
vn -0.4602 0.8857 0.0606
vn -0.4602 0.8857 0.0606
vn -0.4612 -0.8857 0.0525
vn -0.4612 -0.8857 0.0525
vn -0.8660 0.0000 0.5000
vn -0.4612 0.8857 0.0525
vn -0.4612 0.8857 0.0525
vn -0.4620 -0.8857 0.0445
vn -0.4620 -0.8857 0.0445
vn -0.8660 0.0000 0.5000
vn -0.4620 0.8857 0.0445
vn -0.4620 0.8857 0.0445
vn -0.4627 -0.8857 0.0364
vn -0.4627 -0.8857 0.0364
vn -0.4627 0.8857 0.0364
vn -0.4627 0.8857 0.0364
vn -0.4633 -0.8857 0.0283
vn -0.4633 -0.8857 0.0283
vn -0.4633 0.8857 0.0283
vn -0.4633 0.8857 0.0283
vn -0.4637 -0.8857 0.0202
vn -0.4637 -0.8857 0.0202
vn -0.4637 0.8857 0.0202
vn -0.4637 0.8857 0.0202
vn -0.4640 -0.8857 0.0122
vn -0.4640 -0.8857 0.0121
vn -0.4640 0.8857 0.0121
vn -0.4640 0.8857 0.0122
vn -0.4641 -0.8857 0.0040
vn -0.4641 -0.8857 0.0041
vn -0.8660 0.0000 0.5000
vn -0.4641 0.8857 0.0041
vn -0.4641 0.8857 0.0040
vn -0.4641 -0.8857 -0.0040
vn -0.4641 -0.8857 -0.0041
vn -0.8660 0.0000 -0.5000
vn -0.4641 0.8857 -0.0041
vn -0.4641 0.8857 -0.0040
vn -0.4640 -0.8857 -0.0122
vn -0.4640 -0.8857 -0.0121
vn -0.8660 0.0000 -0.5000
vn -0.4640 0.8857 -0.0121
vn -0.4640 0.8857 -0.0122
vn -0.4637 -0.8857 -0.0202
vn -0.4637 -0.8857 -0.0202
vn -0.8660 0.0000 -0.5000
vn -0.4637 0.8857 -0.0202
vn -0.4637 0.8857 -0.0202
vn -0.4633 -0.8857 -0.0283
vn -0.4633 -0.8857 -0.0283
vn -0.8660 0.0000 -0.5000
vn -0.8660 0.0000 -0.5000
vn -0.4633 0.8857 -0.0283
vn -0.4633 0.8857 -0.0283
vn -0.4627 -0.8857 -0.0364
vn -0.4627 -0.8857 -0.0364
vn -0.8660 0.0000 -0.5000
vn -0.4627 0.8857 -0.0364
vn -0.4627 0.8857 -0.0364
vn -0.4620 -0.8857 -0.0445
vn -0.4620 -0.8857 -0.0445
vn -0.8660 0.0000 -0.5000
vn -0.4620 0.8857 -0.0445
vn -0.4620 0.8857 -0.0445
vn -0.4612 -0.8857 -0.0525
vn -0.4612 -0.8857 -0.0525
vn -0.8660 0.0000 -0.5000
vn -0.4612 0.8857 -0.0525
vn -0.4612 0.8857 -0.0525
vn -0.4602 -0.8857 -0.0606
vn -0.4602 -0.8857 -0.0606
vn -0.8660 0.0000 -0.5000
vn -0.4602 0.8857 -0.0606
vn -0.4602 0.8857 -0.0606
vn -0.4591 -0.8857 -0.0686
vn -0.4591 -0.8857 -0.0686
vn -0.8660 0.0000 -0.5000
vn -0.8660 0.0000 -0.5000
vn -0.4591 0.8857 -0.0686
vn -0.4591 0.8857 -0.0686
vn -0.4578 -0.8857 -0.0766
vn -0.4578 -0.8857 -0.0766
vn -0.8660 0.0000 -0.5000
vn -0.8660 0.0000 -0.5000
vn -0.4578 0.8857 -0.0766
vn -0.4578 0.8857 -0.0766
vn -0.4564 -0.8857 -0.0846
vn -0.4564 -0.8857 -0.0846
vn -0.8660 0.0000 -0.5000
vn -0.4564 0.8857 -0.0846
vn -0.4564 0.8857 -0.0846
vn -0.4548 -0.8857 -0.0925
vn -0.4548 -0.8857 -0.0925
vn -0.8660 0.0000 -0.5000
vn -0.4548 0.8857 -0.0925
vn -0.4548 0.8857 -0.0925
vn -0.4532 -0.8857 -0.1005
vn -0.4532 -0.8857 -0.1005
vn -0.8660 0.0000 -0.5000
vn -0.4532 0.8857 -0.1005
vn -0.4532 0.8857 -0.1005
vn -0.4513 -0.8857 -0.1084
vn -0.4513 -0.8857 -0.1084
vn -0.4513 0.8857 -0.1084
vn -0.4513 0.8857 -0.1084
vn -0.4494 -0.8857 -0.1162
vn -0.4494 -0.8857 -0.1162
vn -0.8660 0.0000 -0.5000
vn -0.4494 0.8857 -0.1162
vn -0.4494 0.8857 -0.1162
vn -0.4473 -0.8857 -0.1240
vn -0.4473 -0.8857 -0.1240
vn -0.8660 0.0000 -0.5000
vn -0.4473 0.8857 -0.1240
vn -0.4473 0.8857 -0.1240
vn -0.4451 -0.8857 -0.1318
vn -0.4451 -0.8857 -0.1318
vn -0.8660 0.0000 -0.5000
vn -0.8660 0.0000 -0.5000
vn -0.4451 0.8857 -0.1318
vn -0.4450 0.8857 -0.1318
vn -0.4427 -0.8857 -0.1396
vn -0.4427 -0.8857 -0.1396
vn -0.4427 0.8857 -0.1396
vn -0.4427 0.8857 -0.1396
vn -0.4402 -0.8857 -0.1473
vn -0.4402 -0.8857 -0.1473
vn -0.8660 0.0000 -0.5000
vn -0.4402 0.8857 -0.1473
vn -0.4402 0.8857 -0.1473
vn -0.4375 -0.8857 -0.1549
vn -0.4375 -0.8857 -0.1549
vn -0.8660 0.0000 -0.5000
vn -0.4375 0.8857 -0.1549
vn -0.4375 0.8857 -0.1549
vn -0.4348 -0.8857 -0.1626
vn -0.4348 -0.8857 -0.1626
vn -0.8660 0.0000 -0.5000
vn -0.4348 0.8857 -0.1626
vn -0.4348 0.8857 -0.1626
vn -0.4319 -0.8857 -0.1701
vn -0.4319 -0.8858 -0.1701
vn -0.8660 0.0000 -0.5000
vn -0.4319 0.8857 -0.1701
vn -0.4319 0.8858 -0.1701
vn -0.4288 -0.8858 -0.1776
vn -0.4288 -0.8857 -0.1776
vn -0.8660 0.0000 -0.5000
vn -0.8660 0.0000 -0.5000
vn -0.4288 0.8858 -0.1776
vn -0.4288 0.8857 -0.1776
vn -0.4257 -0.8857 -0.1851
vn -0.4257 -0.8858 -0.1851
vn -0.8660 0.0000 -0.5000
vn -0.4257 0.8857 -0.1851
vn -0.4257 0.8858 -0.1851
vn -0.4224 -0.8858 -0.1925
vn -0.4224 -0.8857 -0.1925
vn -0.8660 0.0000 -0.5000
vn -0.4224 0.8858 -0.1925
vn -0.4224 0.8857 -0.1925
vn -0.4190 -0.8857 -0.1998
vn -0.4189 -0.8858 -0.1998
vn -0.8660 0.0000 -0.5000
vn -0.4190 0.8857 -0.1998
vn -0.4189 0.8858 -0.1998
vn -0.4154 -0.8858 -0.2071
vn -0.4154 -0.8858 -0.2071
vn -0.8660 0.0000 -0.5000
vn -0.8660 0.0000 -0.5000
vn -0.4154 0.8858 -0.2071
vn -0.4154 0.8858 -0.2071
vn -0.4117 -0.8858 -0.2143
vn -0.4117 -0.8858 -0.2143
vn -0.4117 0.8858 -0.2143
vn -0.4117 0.8858 -0.2143
vn -0.4079 -0.8858 -0.2215
vn -0.4077 -0.8859 -0.2214
vn -0.4079 0.8858 -0.2215
vn -0.4077 0.8859 -0.2214
vn -0.4038 -0.8859 -0.2285
vn -0.4038 0.8859 -0.2285
vn -0.3999 -0.8858 -0.2356
vn -0.3999 0.8858 -0.2356
vn -0.3957 -0.8858 -0.2425
vn -0.3958 -0.8857 -0.2425
vn -0.3957 0.8858 -0.2425
vn -0.3958 0.8857 -0.2425
vn -0.3915 -0.8857 -0.2494
vn -0.3915 -0.8858 -0.2494
vn -0.3915 0.8857 -0.2494
vn -0.3915 0.8858 -0.2494
vn -0.3871 -0.8858 -0.2562
vn -0.3871 -0.8857 -0.2562
vn -0.3871 0.8858 -0.2562
vn -0.3871 0.8857 -0.2562
vn -0.3825 -0.8857 -0.2629
vn -0.3825 -0.8858 -0.2629
vn -0.3825 0.8857 -0.2629
vn -0.3825 0.8858 -0.2629
vn -0.3779 -0.8858 -0.2695
vn -0.3779 -0.8857 -0.2695
vn -0.3779 0.8858 -0.2695
vn -0.3779 0.8857 -0.2695
vn -0.3731 -0.8857 -0.2761
vn -0.3731 -0.8857 -0.2761
vn -0.3731 0.8857 -0.2761
vn -0.3731 0.8857 -0.2761
vn -0.3682 -0.8857 -0.2826
vn -0.3682 -0.8858 -0.2826
vn -0.8660 0.0000 -0.5000
vn -0.3682 0.8857 -0.2826
vn -0.3682 0.8858 -0.2826
vn -0.3633 -0.8858 -0.2889
vn -0.3633 -0.8858 -0.2889
vn -0.8660 0.0000 -0.5000
vn -0.3633 0.8858 -0.2889
vn -0.3633 0.8858 -0.2889
vn -0.3582 -0.8858 -0.2952
vn -0.3582 -0.8857 -0.2952
vn -0.3582 0.8858 -0.2952
vn -0.3582 0.8857 -0.2952
vn -0.3530 -0.8857 -0.3015
vn -0.3530 -0.8857 -0.3015
vn -0.3530 0.8857 -0.3015
vn -0.3530 0.8857 -0.3015
vn -0.3476 -0.8857 -0.3076
vn -0.3476 -0.8857 -0.3076
vn -0.3476 0.8857 -0.3076
vn -0.3476 0.8857 -0.3076
vn -0.3422 -0.8857 -0.3136
vn -0.3422 -0.8857 -0.3136
vn -0.3422 0.8857 -0.3136
vn -0.3422 0.8857 -0.3136
vn -0.3367 -0.8857 -0.3195
vn -0.3367 -0.8857 -0.3195
vn -0.8660 0.0000 -0.5000
vn -0.3367 0.8857 -0.3195
vn -0.3367 0.8857 -0.3195
vn -0.3311 -0.8857 -0.3253
vn -0.3311 -0.8857 -0.3253
vn -0.3311 0.8857 -0.3253
vn -0.3311 0.8857 -0.3253
vn -0.3253 -0.8857 -0.3311
vn -0.3253 -0.8857 -0.3311
vn -0.3253 0.8857 -0.3311
vn -0.3253 0.8857 -0.3311
vn -0.3195 -0.8857 -0.3367
vn -0.3195 -0.8857 -0.3367
vn -0.3195 0.8857 -0.3367
vn -0.3195 0.8857 -0.3367
vn -0.3136 -0.8857 -0.3422
vn -0.3136 -0.8857 -0.3422
vn -0.8660 0.0000 -0.5000
vn -0.3136 0.8857 -0.3422
vn -0.3136 0.8857 -0.3422
vn -0.3076 -0.8857 -0.3476
vn -0.3076 -0.8857 -0.3476
vn -0.8660 0.0000 -0.5000
vn -0.3076 0.8857 -0.3476
vn -0.3076 0.8857 -0.3476
vn -0.3015 -0.8857 -0.3530
vn -0.3015 -0.8857 -0.3530
vn -0.3015 0.8857 -0.3530
vn -0.3015 0.8857 -0.3530
vn -0.2952 -0.8857 -0.3582
vn -0.2952 -0.8857 -0.3582
vn -0.2952 0.8857 -0.3582
vn -0.2952 0.8857 -0.3582
vn -0.2890 -0.8857 -0.3633
vn -0.2889 -0.8857 -0.3633
vn -0.2889 0.8857 -0.3633
vn -0.2890 0.8857 -0.3633
vn -0.2826 -0.8857 -0.3682
vn -0.2826 -0.8857 -0.3682
vn -0.2826 0.8857 -0.3682
vn -0.2826 0.8857 -0.3682
vn -0.2761 -0.8857 -0.3731
vn -0.2761 -0.8857 -0.3731
vn -0.8660 0.0000 -0.5000
vn -0.8660 0.0000 -0.5000
vn -0.2761 0.8857 -0.3731
vn -0.2761 0.8857 -0.3731
vn -0.2695 -0.8857 -0.3779
vn -0.2695 -0.8857 -0.3779
vn -0.2695 0.8857 -0.3779
vn -0.2695 0.8857 -0.3779
vn -0.2629 -0.8857 -0.3825
vn -0.2629 -0.8857 -0.3825
vn -0.2629 0.8857 -0.3825
vn -0.2629 0.8857 -0.3825
vn -0.2562 -0.8857 -0.3871
vn -0.2562 -0.8857 -0.3871
vn -0.8660 0.0000 -0.5000
vn -0.2562 0.8857 -0.3871
vn -0.2562 0.8857 -0.3871
vn -0.2494 -0.8857 -0.3915
vn -0.2494 -0.8857 -0.3915
vn -0.2494 0.8857 -0.3915
vn -0.2494 0.8857 -0.3915
vn -0.2425 -0.8857 -0.3958
vn -0.2425 -0.8857 -0.3958
vn -0.2425 0.8857 -0.3958
vn -0.2425 0.8857 -0.3958
vn -0.2356 -0.8857 -0.3999
vn -0.2356 -0.8857 -0.3999
vn -0.8660 0.0000 -0.5000
vn -0.2356 0.8857 -0.3999
vn -0.2356 0.8857 -0.3999
vn -0.2286 -0.8857 -0.4040
vn -0.2286 -0.8857 -0.4040
vn 0.0000 0.0000 -1.0000
vn -0.2286 0.8857 -0.4040
vn -0.2286 0.8857 -0.4040
vn -0.2215 -0.8857 -0.4079
vn -0.2215 -0.8857 -0.4079
vn -0.2215 0.8857 -0.4079
vn -0.2215 0.8857 -0.4079
vn -0.2143 -0.8857 -0.4117
vn -0.2143 -0.8857 -0.4117
vn -0.2143 0.8857 -0.4117
vn -0.2143 0.8857 -0.4117
vn -0.2071 -0.8857 -0.4154
vn -0.2071 -0.8857 -0.4154
vn -0.2071 0.8857 -0.4154
vn -0.2071 0.8857 -0.4154
vn -0.1998 -0.8857 -0.4189
vn -0.1998 -0.8857 -0.4189
vn -0.1998 0.8857 -0.4189
vn -0.1998 0.8857 -0.4189
vn -0.1925 -0.8857 -0.4224
vn -0.1925 -0.8857 -0.4224
vn -0.1925 0.8857 -0.4224
vn -0.1925 0.8857 -0.4224
vn -0.1851 -0.8857 -0.4257
vn -0.1851 -0.8857 -0.4257
vn -0.1851 0.8857 -0.4257
vn -0.1851 0.8857 -0.4257
vn -0.1776 -0.8857 -0.4288
vn -0.1776 -0.8857 -0.4288
vn -0.1776 0.8857 -0.4288
vn -0.1776 0.8857 -0.4288
vn -0.1701 -0.8857 -0.4319
vn -0.1701 -0.8857 -0.4319
vn -0.1701 0.8857 -0.4319
vn -0.1701 0.8857 -0.4319
vn -0.1626 -0.8857 -0.4348
vn -0.1626 -0.8857 -0.4348
vn -0.1626 0.8857 -0.4348
vn -0.1626 0.8857 -0.4348
vn -0.1549 -0.8857 -0.4375
vn -0.1549 -0.8857 -0.4375
vn -0.1549 0.8857 -0.4375
vn -0.1549 0.8857 -0.4375
vn -0.1473 -0.8857 -0.4402
vn -0.1473 -0.8857 -0.4402
vn -0.1473 0.8857 -0.4402
vn -0.1473 0.8857 -0.4402
vn -0.1396 -0.8857 -0.4427
vn -0.1396 -0.8857 -0.4427
vn -0.1396 0.8857 -0.4427
vn -0.1396 0.8857 -0.4427
vn -0.1318 -0.8857 -0.4451
vn -0.1318 -0.8857 -0.4450
vn -0.1318 0.8857 -0.4451
vn -0.1318 0.8857 -0.4451
vn -0.1240 -0.8857 -0.4473
vn -0.1240 -0.8857 -0.4473
vn -0.1240 0.8857 -0.4473
vn -0.1240 0.8857 -0.4473
vn -0.1162 -0.8857 -0.4494
vn -0.1162 -0.8857 -0.4494
vn -0.1162 0.8857 -0.4494
vn -0.1162 0.8857 -0.4494
vn -0.1084 -0.8857 -0.4513
vn -0.1084 -0.8857 -0.4513
vn -0.1084 0.8857 -0.4513
vn -0.1084 0.8857 -0.4513
vn -0.1005 -0.8857 -0.4532
vn -0.1005 -0.8857 -0.4532
vn -0.1005 0.8857 -0.4532
vn -0.1005 0.8857 -0.4532
vn -0.0925 -0.8857 -0.4548
vn -0.0925 -0.8857 -0.4548
vn -0.0925 0.8857 -0.4548
vn -0.0925 0.8857 -0.4548
vn -0.0846 -0.8857 -0.4564
vn -0.0846 -0.8857 -0.4564
vn -0.0846 0.8857 -0.4564
vn -0.0846 0.8857 -0.4564
vn -0.0766 -0.8857 -0.4578
vn -0.0766 -0.8857 -0.4578
vn -0.0766 0.8857 -0.4578
vn -0.0766 0.8857 -0.4578
vn -0.0686 -0.8857 -0.4591
vn -0.0686 -0.8857 -0.4591
vn -0.0686 0.8857 -0.4591
vn -0.0686 0.8857 -0.4591
vn -0.0606 -0.8857 -0.4602
vn -0.0606 -0.8857 -0.4602
vn -0.0606 0.8857 -0.4602
vn -0.0606 0.8857 -0.4602
vn -0.0525 -0.8857 -0.4612
vn -0.0525 -0.8857 -0.4612
vn -0.0525 0.8857 -0.4612
vn -0.0525 0.8857 -0.4612
vn -0.0445 -0.8857 -0.4620
vn -0.0445 -0.8858 -0.4620
vn -0.0445 0.8857 -0.4620
vn -0.0445 0.8858 -0.4620
vn -0.0364 -0.8858 -0.4627
vn -0.0364 -0.8858 -0.4627
vn -0.0364 0.8858 -0.4627
vn -0.0364 0.8858 -0.4627
vn -0.0283 -0.8858 -0.4633
vn -0.0283 -0.8857 -0.4633
vn -0.0283 0.8858 -0.4633
vn -0.0283 0.8857 -0.4633
vn -0.0202 -0.8857 -0.4637
vn -0.0202 -0.8858 -0.4637
vn -0.0202 0.8857 -0.4637
vn -0.0202 0.8858 -0.4637
vn -0.0122 -0.8858 -0.4640
vn -0.0122 -0.8858 -0.4639
vn -0.0122 0.8858 -0.4640
vn -0.0121 0.8858 -0.4639
vn -0.0040 -0.8858 -0.4640
vn -0.0040 0.8858 -0.4640
vn 0.0040 -0.8858 -0.4640
vn 0.0040 0.8858 -0.4640
vn 0.0121 -0.8858 -0.4639
vn 0.0122 -0.8858 -0.4640
vn 0.0122 0.8858 -0.4639
vn 0.0122 0.8858 -0.4640
vn 0.0202 -0.8858 -0.4637
vn 0.0202 -0.8857 -0.4637
vn 0.0202 0.8858 -0.4637
vn 0.0202 0.8857 -0.4637
vn 0.0283 -0.8857 -0.4633
vn 0.0283 -0.8858 -0.4633
vn 0.0283 0.8857 -0.4633
vn 0.0283 0.8858 -0.4633
vn 0.0364 -0.8858 -0.4627
vn 0.0364 -0.8858 -0.4627
vn 0.0364 0.8858 -0.4627
vn 0.0364 0.8858 -0.4627
vn 0.0445 -0.8858 -0.4620
vn 0.0445 -0.8857 -0.4620
vn 0.0445 0.8858 -0.4620
vn 0.0445 0.8857 -0.4620
vn 0.0525 -0.8857 -0.4612
vn 0.0525 -0.8857 -0.4612
vn 0.0525 0.8857 -0.4612
vn 0.0525 0.8857 -0.4612
vn 0.0606 -0.8857 -0.4602
vn 0.0606 -0.8857 -0.4602
vn 0.0606 0.8857 -0.4602
vn 0.0606 0.8857 -0.4602
vn 0.0686 -0.8857 -0.4591
vn 0.0686 -0.8857 -0.4591
vn 0.0686 0.8857 -0.4591
vn 0.0686 0.8857 -0.4591
vn 0.0766 -0.8857 -0.4578
vn 0.0766 -0.8857 -0.4578
vn 0.0766 0.8857 -0.4578
vn 0.0766 0.8857 -0.4578
vn 0.0846 -0.8857 -0.4564
vn 0.0846 -0.8857 -0.4564
vn 0.0846 0.8857 -0.4564
vn 0.0846 0.8857 -0.4564
vn 0.0925 -0.8857 -0.4548
vn 0.0925 -0.8857 -0.4548
vn 0.0925 0.8857 -0.4548
vn 0.0925 0.8857 -0.4548
vn 0.1005 -0.8857 -0.4532
vn 0.1005 -0.8857 -0.4532
vn 0.1005 0.8857 -0.4532
vn 0.1005 0.8857 -0.4532
vn 0.1084 -0.8857 -0.4513
vn 0.1084 -0.8857 -0.4513
vn 0.1084 0.8857 -0.4513
vn 0.1084 0.8857 -0.4513
vn 0.1162 -0.8857 -0.4494
vn 0.1162 -0.8857 -0.4494
vn 0.1162 0.8857 -0.4494
vn 0.1162 0.8857 -0.4494
vn 0.1240 -0.8857 -0.4473
vn 0.1240 -0.8857 -0.4473
vn 0.1240 0.8857 -0.4473
vn 0.1240 0.8857 -0.4473
vn 0.1318 -0.8857 -0.4451
vn 0.1318 -0.8857 -0.4451
vn 0.1318 0.8857 -0.4450
vn 0.1318 0.8857 -0.4451
vn 0.1396 -0.8857 -0.4427
vn 0.1396 -0.8857 -0.4427
vn 0.1396 0.8857 -0.4427
vn 0.1396 0.8857 -0.4427
vn 0.1473 -0.8857 -0.4402
vn 0.1473 -0.8857 -0.4402
vn 0.1473 0.8857 -0.4402
vn 0.1473 0.8857 -0.4402
vn 0.1549 -0.8857 -0.4375
vn 0.1549 -0.8857 -0.4375
vn 0.1549 0.8857 -0.4375
vn 0.1549 0.8857 -0.4375
vn 0.1626 -0.8857 -0.4348
vn 0.1626 -0.8857 -0.4348
vn 0.1626 0.8857 -0.4348
vn 0.1626 0.8857 -0.4348
vn 0.1701 -0.8857 -0.4319
vn 0.1701 -0.8857 -0.4319
vn 0.1701 0.8857 -0.4319
vn 0.1701 0.8857 -0.4319
vn 0.1776 -0.8857 -0.4288
vn 0.1776 -0.8857 -0.4288
vn 0.1776 0.8857 -0.4288
vn 0.1776 0.8857 -0.4288
vn 0.1851 -0.8857 -0.4257
vn 0.1851 -0.8857 -0.4257
vn 0.1851 0.8857 -0.4257
vn 0.1851 0.8857 -0.4257
vn 0.1925 -0.8857 -0.4224
vn 0.1925 -0.8857 -0.4224
vn 0.1925 0.8857 -0.4224
vn 0.1925 0.8857 -0.4224
vn 0.1998 -0.8857 -0.4189
vn 0.1998 -0.8857 -0.4189
vn 0.1998 0.8857 -0.4189
vn 0.1998 0.8857 -0.4189
vn 0.2071 -0.8857 -0.4154
vn 0.2071 -0.8857 -0.4154
vn 0.2071 0.8857 -0.4154
vn 0.2071 0.8857 -0.4154
vn 0.2143 -0.8857 -0.4117
vn 0.2143 -0.8857 -0.4117
vn 0.2143 0.8857 -0.4117
vn 0.2143 0.8857 -0.4117
vn 0.2215 -0.8857 -0.4079
vn 0.2215 -0.8857 -0.4079
vn 0.2215 0.8857 -0.4079
vn 0.2215 0.8857 -0.4079
vn 0.2286 -0.8857 -0.4040
vn 0.2286 -0.8857 -0.4040
vn 0.2286 0.8857 -0.4040
vn 0.2286 0.8857 -0.4040
vn 0.2356 -0.8857 -0.3999
vn 0.2356 -0.8857 -0.3999
vn 0.8660 0.0000 -0.5000
vn 0.2356 0.8857 -0.3999
vn 0.2356 0.8857 -0.3999
vn 0.2425 -0.8857 -0.3958
vn 0.2425 -0.8857 -0.3958
vn 0.8660 0.0000 -0.5000
vn 0.2425 0.8857 -0.3958
vn 0.2425 0.8857 -0.3958
vn 0.2494 -0.8857 -0.3915
vn 0.2494 -0.8857 -0.3915
vn 0.8660 0.0000 -0.5000
vn 0.2494 0.8857 -0.3915
vn 0.2494 0.8857 -0.3915
vn 0.2562 -0.8857 -0.3871
vn 0.2562 -0.8857 -0.3871
vn 0.8660 0.0000 -0.5000
vn 0.2562 0.8857 -0.3871
vn 0.2562 0.8857 -0.3871
vn 0.2629 -0.8857 -0.3825
vn 0.2629 -0.8857 -0.3825
vn 0.8660 0.0000 -0.5000
vn 0.2629 0.8857 -0.3825
vn 0.2629 0.8857 -0.3825
vn 0.2695 -0.8857 -0.3779
vn 0.2695 -0.8857 -0.3779
vn 0.8660 0.0000 -0.5000
vn 0.2695 0.8857 -0.3779
vn 0.2695 0.8857 -0.3779
vn 0.2761 -0.8857 -0.3731
vn 0.2761 -0.8857 -0.3731
vn 0.8660 0.0000 -0.5000
vn 0.8660 0.0000 -0.5000
vn 0.2761 0.8857 -0.3731
vn 0.2761 0.8857 -0.3731
vn 0.2826 -0.8857 -0.3682
vn 0.2826 -0.8857 -0.3682
vn 0.8660 0.0000 -0.5000
vn 0.2826 0.8857 -0.3682
vn 0.2826 0.8857 -0.3682
vn 0.2890 -0.8857 -0.3633
vn 0.2889 -0.8857 -0.3633
vn 0.8660 0.0000 -0.5000
vn 0.2889 0.8857 -0.3633
vn 0.2890 0.8857 -0.3633
vn 0.2952 -0.8857 -0.3582
vn 0.2952 -0.8857 -0.3582
vn 0.2952 0.8857 -0.3582
vn 0.2952 0.8857 -0.3582
vn 0.3015 -0.8857 -0.3530
vn 0.3015 -0.8857 -0.3530
vn 0.8660 0.0000 -0.5000
vn 0.3015 0.8857 -0.3530
vn 0.3015 0.8857 -0.3530
vn 0.3076 -0.8857 -0.3476
vn 0.3076 -0.8857 -0.3476
vn 0.8660 0.0000 -0.5000
vn 0.8660 0.0000 -0.5000
vn 0.3076 0.8857 -0.3476
vn 0.3076 0.8857 -0.3476
vn 0.3136 -0.8857 -0.3422
vn 0.3136 -0.8857 -0.3422
vn 0.8660 0.0000 -0.5000
vn 0.8660 0.0000 -0.5000
vn 0.3136 0.8857 -0.3422
vn 0.3136 0.8857 -0.3422
vn 0.3195 -0.8857 -0.3367
vn 0.3195 -0.8857 -0.3367
vn 0.8660 0.0000 -0.5000
vn 0.3195 0.8857 -0.3367
vn 0.3195 0.8857 -0.3367
vn 0.3253 -0.8857 -0.3311
vn 0.3253 -0.8857 -0.3311
vn 0.8660 0.0000 -0.5000
vn 0.3253 0.8857 -0.3311
vn 0.3253 0.8857 -0.3311
vn 0.3311 -0.8857 -0.3253
vn 0.3311 -0.8857 -0.3253
vn 0.8660 0.0000 -0.5000
vn 0.3311 0.8857 -0.3253
vn 0.3311 0.8857 -0.3253
vn 0.3367 -0.8857 -0.3195
vn 0.3367 -0.8857 -0.3195
vn 0.8660 0.0000 -0.5000
vn 0.3367 0.8857 -0.3195
vn 0.3367 0.8857 -0.3195
vn 0.3422 -0.8857 -0.3136
vn 0.3422 -0.8857 -0.3136
vn 0.8660 0.0000 -0.5000
vn 0.3422 0.8857 -0.3136
vn 0.3422 0.8857 -0.3136
vn 0.3476 -0.8857 -0.3076
vn 0.3476 -0.8857 -0.3076
vn 0.8660 0.0000 -0.5000
vn 0.3476 0.8857 -0.3076
vn 0.3476 0.8857 -0.3076
vn 0.3530 -0.8857 -0.3015
vn 0.3530 -0.8857 -0.3015
vn 0.3530 0.8857 -0.3015
vn 0.3530 0.8857 -0.3015
vn 0.3582 -0.8857 -0.2952
vn 0.3582 -0.8858 -0.2952
vn 0.3582 0.8857 -0.2952
vn 0.3582 0.8858 -0.2952
vn 0.3633 -0.8858 -0.2889
vn 0.3633 -0.8858 -0.2889
vn 0.8660 0.0000 -0.5000
vn 0.3633 0.8858 -0.2889
vn 0.3633 0.8858 -0.2889
vn 0.3682 -0.8858 -0.2826
vn 0.3682 -0.8857 -0.2826
vn 0.3682 0.8858 -0.2826
vn 0.3682 0.8857 -0.2826
vn 0.3731 -0.8857 -0.2761
vn 0.3731 -0.8857 -0.2761
vn 0.8660 0.0000 -0.5000
vn 0.3731 0.8857 -0.2761
vn 0.3731 0.8857 -0.2761
vn 0.3779 -0.8857 -0.2695
vn 0.3779 -0.8858 -0.2695
vn 0.8660 0.0000 -0.5000
vn 0.3779 0.8857 -0.2695
vn 0.3779 0.8858 -0.2695
vn 0.3825 -0.8858 -0.2629
vn 0.3825 -0.8857 -0.2629
vn 0.8660 0.0000 -0.5000
vn 0.3825 0.8858 -0.2629
vn 0.3825 0.8857 -0.2629
vn 0.3871 -0.8857 -0.2562
vn 0.3871 -0.8858 -0.2562
vn 0.8660 0.0000 -0.5000
vn 0.3871 0.8857 -0.2562
vn 0.3871 0.8858 -0.2562
vn 0.3915 -0.8858 -0.2494
vn 0.3915 -0.8857 -0.2494
vn 0.8660 0.0000 -0.5000
vn 0.3915 0.8858 -0.2494
vn 0.3915 0.8857 -0.2494
vn 0.3958 -0.8857 -0.2425
vn 0.3957 -0.8858 -0.2425
vn 0.3958 0.8857 -0.2425
vn 0.3957 0.8858 -0.2425
vn 0.3999 -0.8858 -0.2356
vn 0.3999 0.8858 -0.2356
vn 0.4038 -0.8859 -0.2285
vn 0.4038 0.8859 -0.2285
vn 0.4077 -0.8859 -0.2214
vn 0.4079 -0.8858 -0.2215
vn 0.4077 0.8859 -0.2214
vn 0.4079 0.8858 -0.2215
vn 0.4117 -0.8858 -0.2143
vn 0.4117 -0.8858 -0.2143
vn 0.4117 0.8858 -0.2143
vn 0.4117 0.8858 -0.2143
vn 0.4154 -0.8858 -0.2071
vn 0.4154 -0.8858 -0.2071
vn 0.4154 0.8858 -0.2071
vn 0.4154 0.8858 -0.2071
vn 0.4189 -0.8858 -0.1998
vn 0.4190 -0.8857 -0.1998
vn 0.4189 0.8858 -0.1998
vn 0.4190 0.8857 -0.1998
vn 0.4224 -0.8857 -0.1925
vn 0.4224 -0.8858 -0.1925
vn 0.4224 0.8857 -0.1925
vn 0.4224 0.8858 -0.1925
vn 0.4257 -0.8858 -0.1851
vn 0.4257 -0.8857 -0.1851
vn 0.4257 0.8858 -0.1851
vn 0.4257 0.8857 -0.1851
vn 0.4288 -0.8857 -0.1776
vn 0.4288 -0.8858 -0.1776
vn 0.8660 0.0000 -0.5000
vn 0.4288 0.8857 -0.1776
vn 0.4288 0.8858 -0.1776
vn 0.4319 -0.8858 -0.1701
vn 0.4319 -0.8857 -0.1701
vn 0.8660 0.0000 -0.5000
vn 0.4319 0.8858 -0.1701
vn 0.4319 0.8857 -0.1701
vn 0.4348 -0.8857 -0.1626
vn 0.4348 -0.8857 -0.1626
vn 0.8660 0.0000 -0.5000
vn 0.4348 0.8857 -0.1626
vn 0.4348 0.8857 -0.1626
vn 0.4375 -0.8857 -0.1549
vn 0.4375 -0.8857 -0.1549
vn 0.8660 0.0000 -0.5000
vn 0.4375 0.8857 -0.1549
vn 0.4375 0.8857 -0.1549
vn 0.4402 -0.8857 -0.1473
vn 0.4402 -0.8857 -0.1473
vn 0.4402 0.8857 -0.1473
vn 0.4402 0.8857 -0.1473
vn 0.4427 -0.8857 -0.1396
vn 0.4427 -0.8857 -0.1396
vn 0.4427 0.8857 -0.1396
vn 0.4427 0.8857 -0.1396
vn 0.4450 -0.8857 -0.1318
vn 0.4451 -0.8857 -0.1318
vn 0.8660 0.0000 -0.5000
vn 0.8660 0.0000 -0.5000
vn 0.4451 0.8857 -0.1318
vn 0.4451 0.8857 -0.1318
vn 0.4473 -0.8857 -0.1240
vn 0.4473 -0.8857 -0.1240
vn 0.4473 0.8857 -0.1240
vn 0.4473 0.8857 -0.1240
vn 0.4494 -0.8857 -0.1162
vn 0.4494 -0.8857 -0.1162
vn 0.4494 0.8857 -0.1162
vn 0.4494 0.8857 -0.1162
vn 0.4513 -0.8857 -0.1084
vn 0.4513 -0.8857 -0.1084
vn 0.4513 0.8857 -0.1084
vn 0.4513 0.8857 -0.1084
vn 0.4532 -0.8857 -0.1005
vn 0.4532 -0.8857 -0.1005
vn 0.4532 0.8857 -0.1005
vn 0.4532 0.8857 -0.1005
vn 0.4548 -0.8857 -0.0925
vn 0.4548 -0.8857 -0.0925
vn 0.4548 0.8857 -0.0925
vn 0.4548 0.8857 -0.0925
vn 0.4564 -0.8857 -0.0846
vn 0.4564 -0.8857 -0.0846
vn 0.8660 0.0000 -0.5000
vn 0.4564 0.8857 -0.0846
vn 0.4564 0.8857 -0.0846
vn 0.4578 -0.8857 -0.0766
vn 0.4578 -0.8857 -0.0766
vn 0.4578 0.8857 -0.0766
vn 0.4578 0.8857 -0.0766
vn 0.4591 -0.8857 -0.0686
vn 0.4591 -0.8857 -0.0686
vn 0.8660 0.0000 -0.5000
vn 0.8660 0.0000 -0.5000
vn 0.4591 0.8857 -0.0686
vn 0.4591 0.8857 -0.0686
vn 0.4602 -0.8857 -0.0606
vn 0.4602 -0.8857 -0.0606
vn 0.8660 0.0000 -0.5000
vn 0.4602 0.8857 -0.0606
vn 0.4602 0.8857 -0.0606
vn 0.4612 -0.8857 -0.0525
vn 0.4612 -0.8857 -0.0525
vn 0.8660 0.0000 -0.5000
vn 0.4612 0.8857 -0.0525
vn 0.4612 0.8857 -0.0525
vn 0.4620 -0.8857 -0.0445
vn 0.4620 -0.8857 -0.0445
vn 0.8660 0.0000 -0.5000
vn 0.4620 0.8857 -0.0445
vn 0.4620 0.8857 -0.0445
vn 0.4627 -0.8857 -0.0364
vn 0.4627 -0.8857 -0.0364
vn 0.4627 0.8857 -0.0364
vn 0.4627 0.8857 -0.0364
vn 0.4633 -0.8857 -0.0283
vn 0.4633 -0.8857 -0.0283
vn 0.4633 0.8857 -0.0283
vn 0.4633 0.8857 -0.0283
vn 0.4637 -0.8857 -0.0202
vn 0.4637 -0.8857 -0.0202
vn 0.4637 0.8857 -0.0202
vn 0.4637 0.8857 -0.0202
vn 0.4640 -0.8857 -0.0122
vn 0.4640 -0.8857 -0.0121
vn 0.4640 0.8857 -0.0121
vn 0.4640 0.8857 -0.0122
vn 0.4641 -0.8857 -0.0040
vn 0.4641 -0.8857 -0.0041
vn 0.8660 0.0000 -0.5000
vn 0.4641 0.8857 -0.0041
vn 0.4641 0.8857 -0.0040
vn 0.0000 1.0000 0.0000
vn 0.0000 -1.0000 0.0000
f 1//1 2//1 3//1
f 3//2 2//2 4//2
f 2//3 5//3 4//3
f 4//3 5//3 6//3
f 5//4 7//4 6//4
f 6//5 7//5 8//5
f 3//6 4//6 9//6
f 9//7 4//7 10//7
f 4//8 6//8 10//8
f 10//8 6//8 11//8
f 6//9 8//9 11//9
f 11//10 8//10 12//10
f 9//11 10//11 13//11
f 13//12 10//12 14//12
f 10//13 11//13 14//13
f 14//13 11//13 15//13
f 11//14 12//14 15//14
f 15//15 12//15 16//15
f 13//16 14//16 17//16
f 17//17 14//17 18//17
f 14//18 15//18 18//18
f 18//19 15//19 19//19
f 15//20 16//20 19//20
f 19//21 16//21 20//21
f 17//22 18//22 21//22
f 21//23 18//23 22//23
f 18//24 19//24 22//24
f 22//24 19//24 23//24
f 19//25 20//25 23//25
f 23//26 20//26 24//26
f 21//27 22//27 25//27
f 25//28 22//28 26//28
f 22//29 23//29 26//29
f 26//29 23//29 27//29
f 23//30 24//30 27//30
f 27//31 24//31 28//31
f 25//32 26//32 29//32
f 29//33 26//33 30//33
f 26//34 27//34 30//34
f 30//34 27//34 31//34
f 27//35 28//35 31//35
f 31//36 28//36 32//36
f 29//37 30//37 33//37
f 33//38 30//38 34//38
f 30//39 31//39 34//39
f 34//39 31//39 35//39
f 31//40 32//40 35//40
f 35//41 32//41 36//41
f 33//42 34//42 37//42
f 37//43 34//43 38//43
f 34//44 35//44 38//44
f 38//45 35//45 39//45
f 35//46 36//46 39//46
f 39//47 36//47 40//47
f 37//48 38//48 41//48
f 41//49 38//49 42//49
f 38//50 39//50 42//50
f 42//51 39//51 43//51
f 39//52 40//52 43//52
f 43//53 40//53 44//53
f 41//54 42//54 45//54
f 45//55 42//55 46//55
f 42//56 43//56 46//56
f 46//56 43//56 47//56
f 43//57 44//57 47//57
f 47//58 44//58 48//58
f 45//59 46//59 49//59
f 49//60 46//60 50//60
f 46//61 47//61 50//61
f 50//13 47//13 51//13
f 47//62 48//62 51//62
f 51//63 48//63 52//63
f 49//64 50//64 53//64
f 53//65 50//65 54//65
f 50//66 51//66 54//66
f 54//66 51//66 55//66
f 51//67 52//67 55//67
f 55//68 52//68 56//68
f 53//69 54//69 57//69
f 57//70 54//70 58//70
f 54//51 55//51 58//51
f 58//51 55//51 59//51
f 55//71 56//71 59//71
f 59//72 56//72 60//72
f 57//73 58//73 61//73
f 61//74 58//74 62//74
f 58//75 59//75 62//75
f 62//75 59//75 63//75
f 59//76 60//76 63//76
f 63//77 60//77 64//77
f 61//78 62//78 65//78
f 65//79 62//79 66//79
f 62//80 63//80 66//80
f 66//80 63//80 67//80
f 63//81 64//81 67//81
f 67//82 64//82 68//82
f 65//83 66//83 69//83
f 69//84 66//84 70//84
f 66//85 67//85 70//85
f 70//86 67//86 71//86
f 67//87 68//87 71//87
f 71//88 68//88 72//88
f 69//89 70//89 73//89
f 73//90 70//90 74//90
f 70//19 71//19 74//19
f 74//19 71//19 75//19
f 71//91 72//91 75//91
f 75//92 72//92 76//92
f 73//93 74//93 77//93
f 77//94 74//94 78//94
f 74//95 75//95 78//95
f 78//95 75//95 79//95
f 75//96 76//96 79//96
f 79//97 76//97 80//97
f 77//98 78//98 81//98
f 81//99 78//99 82//99
f 78//100 79//100 82//100
f 82//100 79//100 83//100
f 79//101 80//101 83//101
f 83//102 80//102 84//102
f 81//103 82//103 85//103
f 85//104 82//104 86//104
f 82//50 83//50 86//50
f 86//105 83//105 87//105
f 83//106 84//106 87//106
f 87//107 84//107 88//107
f 85//108 86//108 89//108
f 89//109 86//109 90//109
f 86//110 87//110 90//110
f 90//110 87//110 91//110
f 87//111 88//111 91//111
f 91//112 88//112 92//112
f 89//113 90//113 93//113
f 93//114 90//114 94//114
f 90//115 91//115 94//115
f 94//116 91//116 95//116
f 91//117 92//117 95//117
f 95//118 92//118 96//118
f 93//119 94//119 97//119
f 97//120 94//120 98//120
f 94//121 95//121 98//121
f 98//121 95//121 99//121
f 95//122 96//122 99//122
f 99//123 96//123 100//123
f 97//124 98//124 101//124
f 101//125 98//125 102//125
f 98//126 99//126 102//126
f 102//126 99//126 103//126
f 99//127 100//127 103//127
f 103//128 100//128 104//128
f 101//129 102//129 105//129
f 105//130 102//130 106//130
f 102//131 103//131 106//131
f 106//131 103//131 107//131
f 103//132 104//132 107//132
f 107//133 104//133 108//133
f 105//134 106//134 109//134
f 109//135 106//135 110//135
f 106//136 107//136 110//136
f 110//137 107//137 111//137
f 107//138 108//138 111//138
f 111//139 108//139 112//139
f 109//140 110//140 113//140
f 113//141 110//141 114//141
f 110//66 111//66 114//66
f 114//66 111//66 115//66
f 111//142 112//142 115//142
f 115//143 112//143 116//143
f 113//144 114//144 117//144
f 117//145 114//145 118//145
f 114//51 115//51 118//51
f 118//51 115//51 119//51
f 115//146 116//146 119//146
f 119//147 116//147 120//147
f 117//148 118//148 121//148
f 121//149 118//149 121//149
f 118//116 119//116 121//116
f 121//116 119//116 122//116
f 119//150 120//150 122//150
f 122//149 120//149 122//149
f 121//149 121//149 123//149
f 123//151 121//151 124//151
f 121//116 122//116 124//116
f 124//116 122//116 125//116
f 122//149 122//149 125//149
f 125//152 122//152 126//152
f 123//153 124//153 127//153
f 127//154 124//154 128//154
f 124//51 125//51 128//51
f 128//51 125//51 129//51
f 125//155 126//155 129//155
f 129//156 126//156 130//156
f 127//157 128//157 131//157
f 131//158 128//158 132//158
f 128//66 129//66 132//66
f 132//66 129//66 133//66
f 129//159 130//159 133//159
f 133//160 130//160 134//160
f 131//161 132//161 135//161
f 135//162 132//162 136//162
f 132//137 133//137 136//137
f 136//136 133//136 137//136
f 133//163 134//163 137//163
f 137//164 134//164 138//164
f 135//165 136//165 139//165
f 139//166 136//166 140//166
f 136//131 137//131 140//131
f 140//131 137//131 141//131
f 137//167 138//167 141//167
f 141//168 138//168 142//168
f 139//169 140//169 143//169
f 143//170 140//170 144//170
f 140//126 141//126 144//126
f 144//126 141//126 145//126
f 141//171 142//171 145//171
f 145//172 142//172 146//172
f 143//173 144//173 147//173
f 147//174 144//174 148//174
f 144//121 145//121 148//121
f 148//121 145//121 149//121
f 145//175 146//175 149//175
f 149//176 146//176 150//176
f 147//177 148//177 151//177
f 151//178 148//178 152//178
f 148//179 149//179 152//179
f 152//179 149//179 153//179
f 149//180 150//180 153//180
f 153//181 150//181 154//181
f 151//182 152//182 155//182
f 155//183 152//183 156//183
f 152//184 153//184 156//184
f 156//184 153//184 157//184
f 153//185 154//185 157//185
f 157//186 154//186 158//186
f 155//187 156//187 159//187
f 159//188 156//188 160//188
f 156//18 157//18 160//18
f 160//18 157//18 161//18
f 157//189 158//189 161//189
f 161//190 158//190 162//190
f 159//191 160//191 163//191
f 163//192 160//192 164//192
f 160//8 161//8 164//8
f 164//8 161//8 165//8
f 161//193 162//193 165//193
f 165//194 162//194 166//194
f 163//195 164//195 167//195
f 167//196 164//196 168//196
f 164//95 165//95 168//95
f 168//95 165//95 169//95
f 165//197 166//197 169//197
f 169//198 166//198 170//198
f 167//199 168//199 171//199
f 171//200 168//200 172//200
f 168//19 169//19 172//19
f 172//19 169//19 173//19
f 169//201 170//201 173//201
f 173//202 170//202 174//202
f 171//203 172//203 175//203
f 175//204 172//204 176//204
f 172//179 173//179 176//179
f 176//205 173//205 177//205
f 173//206 174//206 177//206
f 177//207 174//207 178//207
f 175//208 176//208 179//208
f 179//209 176//209 180//209
f 176//75 177//75 180//75
f 180//75 177//75 181//75
f 177//210 178//210 181//210
f 181//211 178//211 182//211
f 179//212 180//212 183//212
f 183//213 180//213 184//213
f 180//80 181//80 184//80
f 184//80 181//80 185//80
f 181//214 182//214 185//214
f 185//215 182//215 186//215
f 183//216 184//216 187//216
f 187//217 184//217 188//217
f 184//179 185//179 188//179
f 188//179 185//179 189//179
f 185//218 186//218 189//218
f 189//219 186//219 190//219
f 187//220 188//220 191//220
f 191//221 188//221 192//221
f 188//222 189//222 192//222
f 192//116 189//116 193//116
f 189//223 190//223 193//223
f 193//224 190//224 194//224
f 191//225 192//225 195//225
f 195//226 192//226 196//226
f 192//136 193//136 196//136
f 196//227 193//227 197//227
f 193//228 194//228 197//228
f 197//229 194//229 198//229
f 195//230 196//230 199//230
f 199//231 196//231 200//231
f 196//13 197//13 200//13
f 200//13 197//13 201//13
f 197//232 198//232 201//232
f 201//233 198//233 202//233
f 199//234 200//234 203//234
f 203//235 200//235 204//235
f 200//51 201//51 204//51
f 204//50 201//50 205//50
f 201//236 202//236 205//236
f 205//237 202//237 206//237
f 203//238 204//238 207//238
f 207//239 204//239 208//239
f 204//51 205//51 208//51
f 208//51 205//51 209//51
f 205//240 206//240 209//240
f 209//241 206//241 210//241
f 207//242 208//242 211//242
f 211//243 208//243 212//243
f 208//8 209//8 212//8
f 212//8 209//8 213//8
f 209//244 210//244 213//244
f 213//245 210//245 214//245
f 211//246 212//246 215//246
f 215//247 212//247 216//247
f 212//248 213//248 216//248
f 216//249 213//249 217//249
f 213//250 214//250 217//250
f 217//251 214//251 218//251
f 215//252 216//252 219//252
f 219//253 216//253 220//253
f 216//61 217//61 220//61
f 220//61 217//61 221//61
f 217//254 218//254 221//254
f 221//255 218//255 222//255
f 219//256 220//256 223//256
f 223//257 220//257 224//257
f 220//18 221//18 224//18
f 224//18 221//18 225//18
f 221//258 222//258 225//258
f 225//259 222//259 226//259
f 223//260 224//260 227//260
f 227//261 224//261 228//261
f 224//262 225//262 228//262
f 228//262 225//262 229//262
f 225//263 226//263 229//263
f 229//264 226//264 230//264
f 227//265 228//265 231//265
f 231//266 228//266 232//266
f 228//50 229//50 232//50
f 232//50 229//50 233//50
f 229//267 230//267 233//267
f 233//268 230//268 234//268
f 231//269 232//269 235//269
f 235//270 232//270 236//270
f 232//24 233//24 236//24
f 236//24 233//24 237//24
f 233//271 234//271 237//271
f 237//272 234//272 238//272
f 235//273 236//273 239//273
f 239//274 236//274 240//274
f 236//275 237//275 240//275
f 240//275 237//275 241//275
f 237//276 238//276 241//276
f 241//277 238//277 242//277
f 239//278 240//278 243//278
f 243//279 240//279 244//279
f 240//280 241//280 244//280
f 244//280 241//280 245//280
f 241//281 242//281 245//281
f 245//282 242//282 246//282
f 243//283 244//283 247//283
f 247//284 244//284 248//284
f 244//280 245//280 248//280
f 248//280 245//280 249//280
f 245//285 246//285 249//285
f 249//286 246//286 250//286
f 247//287 248//287 251//287
f 251//288 248//288 252//288
f 248//280 249//280 252//280
f 252//280 249//280 253//280
f 249//289 250//289 253//289
f 253//290 250//290 254//290
f 251//291 252//291 255//291
f 255//292 252//292 256//292
f 252//280 253//280 256//280
f 256//280 253//280 257//280
f 253//293 254//293 257//293
f 257//294 254//294 258//294
f 255//295 256//295 259//295
f 259//296 256//296 260//296
f 256//280 257//280 260//280
f 260//280 257//280 261//280
f 257//297 258//297 261//297
f 261//298 258//298 262//298
f 259//299 260//299 263//299
f 263//300 260//300 264//300
f 260//280 261//280 264//280
f 264//280 261//280 265//280
f 261//301 262//301 265//301
f 265//302 262//302 266//302
f 263//303 264//303 267//303
f 267//304 264//304 268//304
f 264//280 265//280 268//280
f 268//280 265//280 269//280
f 265//305 266//305 269//305
f 269//306 266//306 270//306
f 267//307 268//307 271//307
f 271//308 268//308 272//308
f 268//280 269//280 272//280
f 272//280 269//280 273//280
f 269//309 270//309 273//309
f 273//310 270//310 274//310
f 271//311 272//311 275//311
f 275//312 272//312 276//312
f 272//280 273//280 276//280
f 276//280 273//280 277//280
f 273//313 274//313 277//313
f 277//314 274//314 278//314
f 275//315 276//315 279//315
f 279//316 276//316 280//316
f 276//280 277//280 280//280
f 280//280 277//280 281//280
f 277//317 278//317 281//317
f 281//318 278//318 282//318
f 279//319 280//319 283//319
f 283//320 280//320 284//320
f 280//280 281//280 284//280
f 284//280 281//280 285//280
f 281//321 282//321 285//321
f 285//322 282//322 286//322
f 283//323 284//323 287//323
f 287//324 284//324 288//324
f 284//280 285//280 288//280
f 288//280 285//280 289//280
f 285//325 286//325 289//325
f 289//326 286//326 290//326
f 287//327 288//327 291//327
f 291//328 288//328 292//328
f 288//280 289//280 292//280
f 292//280 289//280 293//280
f 289//329 290//329 293//329
f 293//330 290//330 294//330
f 291//331 292//331 295//331
f 295//332 292//332 296//332
f 292//280 293//280 296//280
f 296//280 293//280 297//280
f 293//333 294//333 297//333
f 297//334 294//334 298//334
f 295//335 296//335 299//335
f 299//336 296//336 300//336
f 296//280 297//280 300//280
f 300//280 297//280 301//280
f 297//337 298//337 301//337
f 301//338 298//338 302//338
f 299//339 300//339 303//339
f 303//340 300//340 304//340
f 300//280 301//280 304//280
f 304//280 301//280 305//280
f 301//341 302//341 305//341
f 305//342 302//342 306//342
f 303//343 304//343 307//343
f 307//344 304//344 308//344
f 304//280 305//280 308//280
f 308//280 305//280 309//280
f 305//345 306//345 309//345
f 309//346 306//346 310//346
f 307//347 308//347 311//347
f 311//348 308//348 312//348
f 308//280 309//280 312//280
f 312//280 309//280 313//280
f 309//349 310//349 313//349
f 313//350 310//350 314//350
f 311//351 312//351 315//351
f 315//352 312//352 316//352
f 312//280 313//280 316//280
f 316//280 313//280 317//280
f 313//353 314//353 317//353
f 317//354 314//354 318//354
f 315//355 316//355 319//355
f 319//356 316//356 320//356
f 316//280 317//280 320//280
f 320//280 317//280 321//280
f 317//357 318//357 321//357
f 321//358 318//358 322//358
f 319//359 320//359 323//359
f 323//360 320//360 324//360
f 320//280 321//280 324//280
f 324//280 321//280 325//280
f 321//361 322//361 325//361
f 325//362 322//362 326//362
f 323//363 324//363 327//363
f 327//364 324//364 328//364
f 324//280 325//280 328//280
f 328//280 325//280 329//280
f 325//365 326//365 329//365
f 329//366 326//366 330//366
f 327//367 328//367 331//367
f 331//368 328//368 332//368
f 328//280 329//280 332//280
f 332//280 329//280 333//280
f 329//369 330//369 333//369
f 333//370 330//370 334//370
f 331//371 332//371 335//371
f 335//372 332//372 336//372
f 332//280 333//280 336//280
f 336//280 333//280 337//280
f 333//373 334//373 337//373
f 337//374 334//374 338//374
f 335//375 336//375 339//375
f 339//376 336//376 340//376
f 336//280 337//280 340//280
f 340//280 337//280 341//280
f 337//377 338//377 341//377
f 341//378 338//378 342//378
f 339//379 340//379 343//379
f 343//380 340//380 344//380
f 340//280 341//280 344//280
f 344//280 341//280 345//280
f 341//381 342//381 345//381
f 345//382 342//382 346//382
f 343//383 344//383 347//383
f 347//384 344//384 348//384
f 344//280 345//280 348//280
f 348//280 345//280 349//280
f 345//385 346//385 349//385
f 349//386 346//386 350//386
f 347//387 348//387 351//387
f 351//388 348//388 352//388
f 348//280 349//280 352//280
f 352//280 349//280 353//280
f 349//389 350//389 353//389
f 353//390 350//390 354//390
f 351//391 352//391 355//391
f 355//392 352//392 356//392
f 352//280 353//280 356//280
f 356//280 353//280 357//280
f 353//393 354//393 357//393
f 357//394 354//394 358//394
f 355//395 356//395 359//395
f 359//149 356//149 359//149
f 356//280 357//280 359//280
f 359//280 357//280 360//280
f 357//396 358//396 360//396
f 360//149 358//149 360//149
f 359//149 359//149 361//149
f 361//397 359//397 362//397
f 359//280 360//280 362//280
f 362//280 360//280 363//280
f 360//149 360//149 363//149
f 363//398 360//398 364//398
f 361//399 362//399 365//399
f 365//400 362//400 366//400
f 362//280 363//280 366//280
f 366//280 363//280 367//280
f 363//401 364//401 367//401
f 367//402 364//402 368//402
f 365//403 366//403 369//403
f 369//404 366//404 370//404
f 366//280 367//280 370//280
f 370//280 367//280 371//280
f 367//405 368//405 371//405
f 371//406 368//406 372//406
f 369//407 370//407 373//407
f 373//408 370//408 374//408
f 370//280 371//280 374//280
f 374//280 371//280 375//280
f 371//409 372//409 375//409
f 375//410 372//410 376//410
f 373//411 374//411 377//411
f 377//412 374//412 378//412
f 374//280 375//280 378//280
f 378//280 375//280 379//280
f 375//413 376//413 379//413
f 379//414 376//414 380//414
f 377//415 378//415 381//415
f 381//416 378//416 382//416
f 378//280 379//280 382//280
f 382//280 379//280 383//280
f 379//417 380//417 383//417
f 383//418 380//418 384//418
f 381//419 382//419 385//419
f 385//420 382//420 386//420
f 382//280 383//280 386//280
f 386//280 383//280 387//280
f 383//421 384//421 387//421
f 387//422 384//422 388//422
f 385//423 386//423 389//423
f 389//424 386//424 390//424
f 386//280 387//280 390//280
f 390//280 387//280 391//280
f 387//425 388//425 391//425
f 391//426 388//426 392//426
f 389//427 390//427 393//427
f 393//428 390//428 394//428
f 390//280 391//280 394//280
f 394//280 391//280 395//280
f 391//429 392//429 395//429
f 395//430 392//430 396//430
f 393//431 394//431 397//431
f 397//432 394//432 398//432
f 394//280 395//280 398//280
f 398//280 395//280 399//280
f 395//433 396//433 399//433
f 399//434 396//434 400//434
f 397//435 398//435 401//435
f 401//436 398//436 402//436
f 398//280 399//280 402//280
f 402//280 399//280 403//280
f 399//437 400//437 403//437
f 403//438 400//438 404//438
f 401//439 402//439 405//439
f 405//440 402//440 406//440
f 402//280 403//280 406//280
f 406//280 403//280 407//280
f 403//441 404//441 407//441
f 407//442 404//442 408//442
f 405//443 406//443 409//443
f 409//444 406//444 410//444
f 406//280 407//280 410//280
f 410//280 407//280 411//280
f 407//445 408//445 411//445
f 411//446 408//446 412//446
f 409//447 410//447 413//447
f 413//448 410//448 414//448
f 410//280 411//280 414//280
f 414//280 411//280 415//280
f 411//449 412//449 415//449
f 415//450 412//450 416//450
f 413//451 414//451 417//451
f 417//452 414//452 418//452
f 414//280 415//280 418//280
f 418//280 415//280 419//280
f 415//453 416//453 419//453
f 419//454 416//454 420//454
f 417//455 418//455 421//455
f 421//456 418//456 422//456
f 418//280 419//280 422//280
f 422//280 419//280 423//280
f 419//457 420//457 423//457
f 423//458 420//458 424//458
f 421//459 422//459 425//459
f 425//460 422//460 426//460
f 422//280 423//280 426//280
f 426//280 423//280 427//280
f 423//461 424//461 427//461
f 427//462 424//462 428//462
f 425//463 426//463 429//463
f 429//464 426//464 430//464
f 426//280 427//280 430//280
f 430//280 427//280 431//280
f 427//465 428//465 431//465
f 431//466 428//466 432//466
f 429//467 430//467 433//467
f 433//468 430//468 434//468
f 430//280 431//280 434//280
f 434//280 431//280 435//280
f 431//469 432//469 435//469
f 435//470 432//470 436//470
f 433//471 434//471 437//471
f 437//472 434//472 438//472
f 434//280 435//280 438//280
f 438//280 435//280 439//280
f 435//473 436//473 439//473
f 439//474 436//474 440//474
f 437//475 438//475 441//475
f 441//476 438//476 442//476
f 438//280 439//280 442//280
f 442//280 439//280 443//280
f 439//477 440//477 443//477
f 443//478 440//478 444//478
f 441//479 442//479 445//479
f 445//480 442//480 446//480
f 442//280 443//280 446//280
f 446//280 443//280 447//280
f 443//481 444//481 447//481
f 447//482 444//482 448//482
f 445//483 446//483 449//483
f 449//484 446//484 450//484
f 446//280 447//280 450//280
f 450//280 447//280 451//280
f 447//485 448//485 451//485
f 451//486 448//486 452//486
f 449//487 450//487 453//487
f 453//488 450//488 454//488
f 450//280 451//280 454//280
f 454//280 451//280 455//280
f 451//489 452//489 455//489
f 455//490 452//490 456//490
f 453//491 454//491 457//491
f 457//492 454//492 458//492
f 454//280 455//280 458//280
f 458//280 455//280 459//280
f 455//493 456//493 459//493
f 459//494 456//494 460//494
f 457//495 458//495 461//495
f 461//496 458//496 462//496
f 458//280 459//280 462//280
f 462//280 459//280 463//280
f 459//497 460//497 463//497
f 463//498 460//498 464//498
f 461//499 462//499 465//499
f 465//500 462//500 466//500
f 462//280 463//280 466//280
f 466//280 463//280 467//280
f 463//501 464//501 467//501
f 467//502 464//502 468//502
f 465//503 466//503 469//503
f 469//504 466//504 470//504
f 466//280 467//280 470//280
f 470//280 467//280 471//280
f 467//505 468//505 471//505
f 471//506 468//506 472//506
f 469//507 470//507 473//507
f 473//508 470//508 474//508
f 470//280 471//280 474//280
f 474//280 471//280 475//280
f 471//509 472//509 475//509
f 475//510 472//510 476//510
f 473//511 474//511 477//511
f 477//512 474//512 478//512
f 474//280 475//280 478//280
f 478//280 475//280 479//280
f 475//513 476//513 479//513
f 479//514 476//514 480//514
f 477//515 478//515 481//515
f 481//516 478//516 482//516
f 478//517 479//517 482//517
f 482//517 479//517 483//517
f 479//518 480//518 483//518
f 483//519 480//519 484//519
f 481//520 482//520 485//520
f 485//521 482//521 486//521
f 482//522 483//522 486//522
f 486//522 483//522 487//522
f 483//523 484//523 487//523
f 487//524 484//524 488//524
f 485//525 486//525 489//525
f 489//526 486//526 490//526
f 486//527 487//527 490//527
f 490//527 487//527 491//527
f 487//528 488//528 491//528
f 491//529 488//529 492//529
f 489//530 490//530 493//530
f 493//531 490//531 494//531
f 490//532 491//532 494//532
f 494//532 491//532 495//532
f 491//533 492//533 495//533
f 495//534 492//534 496//534
f 493//535 494//535 497//535
f 497//536 494//536 498//536
f 494//537 495//537 498//537
f 498//537 495//537 499//537
f 495//538 496//538 499//538
f 499//539 496//539 500//539
f 497//540 498//540 501//540
f 501//541 498//541 502//541
f 498//542 499//542 502//542
f 502//542 499//542 503//542
f 499//543 500//543 503//543
f 503//544 500//544 504//544
f 501//545 502//545 505//545
f 505//546 502//546 506//546
f 502//547 503//547 506//547
f 506//548 503//548 507//548
f 503//549 504//549 507//549
f 507//550 504//550 508//550
f 505//551 506//551 509//551
f 509//552 506//552 510//552
f 506//553 507//553 510//553
f 510//553 507//553 511//553
f 507//554 508//554 511//554
f 511//555 508//555 512//555
f 509//556 510//556 513//556
f 513//557 510//557 514//557
f 510//558 511//558 514//558
f 514//558 511//558 515//558
f 511//559 512//559 515//559
f 515//560 512//560 516//560
f 513//561 514//561 517//561
f 517//562 514//562 518//562
f 514//527 515//527 518//527
f 518//558 515//558 519//558
f 515//563 516//563 519//563
f 519//564 516//564 520//564
f 517//565 518//565 521//565
f 521//566 518//566 522//566
f 518//567 519//567 522//567
f 522//567 519//567 523//567
f 519//568 520//568 523//568
f 523//569 520//569 524//569
f 521//570 522//570 525//570
f 525//571 522//571 526//571
f 522//572 523//572 526//572
f 526//573 523//573 527//573
f 523//574 524//574 527//574
f 527//575 524//575 528//575
f 525//576 526//576 529//576
f 529//577 526//577 530//577
f 526//578 527//578 530//578
f 530//579 527//579 531//579
f 527//580 528//580 531//580
f 531//581 528//581 532//581
f 529//582 530//582 533//582
f 533//583 530//583 534//583
f 530//584 531//584 534//584
f 534//584 531//584 535//584
f 531//585 532//585 535//585
f 535//586 532//586 536//586
f 533//587 534//587 537//587
f 537//588 534//588 538//588
f 534//589 535//589 538//589
f 538//589 535//589 539//589
f 535//590 536//590 539//590
f 539//591 536//591 540//591
f 537//592 538//592 541//592
f 541//593 538//593 542//593
f 538//594 539//594 542//594
f 542//594 539//594 543//594
f 539//595 540//595 543//595
f 543//596 540//596 544//596
f 541//597 542//597 545//597
f 545//598 542//598 546//598
f 542//599 543//599 546//599
f 546//584 543//584 547//584
f 543//600 544//600 547//600
f 547//601 544//601 548//601
f 545//602 546//602 549//602
f 549//603 546//603 550//603
f 546//604 547//604 550//604
f 550//604 547//604 551//604
f 547//605 548//605 551//605
f 551//606 548//606 552//606
f 549//607 550//607 553//607
f 553//608 550//608 554//608
f 550//609 551//609 554//609
f 554//609 551//609 555//609
f 551//610 552//610 555//610
f 555//611 552//611 556//611
f 553//612 554//612 557//612
f 557//613 554//613 558//613
f 554//553 555//553 558//553
f 558//553 555//553 559//553
f 555//614 556//614 559//614
f 559//615 556//615 560//615
f 557//616 558//616 561//616
f 561//617 558//617 562//617
f 558//537 559//537 562//537
f 562//537 559//537 563//537
f 559//618 560//618 563//618
f 563//619 560//619 564//619
f 561//620 562//620 565//620
f 565//621 562//621 566//621
f 562//622 563//622 566//622
f 566//622 563//622 567//622
f 563//623 564//623 567//623
f 567//624 564//624 568//624
f 565//625 566//625 569//625
f 569//626 566//626 570//626
f 566//584 567//584 570//584
f 570//584 567//584 571//584
f 567//627 568//627 571//627
f 571//628 568//628 572//628
f 569//629 570//629 573//629
f 573//630 570//630 574//630
f 570//631 571//631 574//631
f 574//631 571//631 575//631
f 571//632 572//632 575//632
f 575//633 572//633 576//633
f 573//634 574//634 577//634
f 577//635 574//635 578//635
f 574//636 575//636 578//636
f 578//636 575//636 579//636
f 575//637 576//637 579//637
f 579//638 576//638 580//638
f 577//639 578//639 581//639
f 581//640 578//640 582//640
f 578//641 579//641 582//641
f 582//641 579//641 583//641
f 579//642 580//642 583//642
f 583//643 580//643 584//643
f 581//644 582//644 585//644
f 585//645 582//645 586//645
f 582//573 583//573 586//573
f 586//646 583//646 587//646
f 583//647 584//647 587//647
f 587//648 584//648 588//648
f 585//649 586//649 589//649
f 589//650 586//650 590//650
f 586//651 587//651 590//651
f 590//651 587//651 591//651
f 587//652 588//652 591//652
f 591//653 588//653 592//653
f 589//654 590//654 593//654
f 593//655 590//655 594//655
f 590//558 591//558 594//558
f 594//558 591//558 595//558
f 591//656 592//656 595//656
f 595//657 592//657 596//657
f 593//658 594//658 597//658
f 597//149 594//149 597//149
f 594//578 595//578 597//578
f 597//578 595//578 598//578
f 595//659 596//659 598//659
f 598//149 596//149 598//149
f 597//149 597//149 599//149
f 599//660 597//660 600//660
f 597//578 598//578 600//578
f 600//578 598//578 601//578
f 598//149 598//149 601//149
f 601//661 598//661 602//661
f 599//662 600//662 603//662
f 603//663 600//663 604//663
f 600//558 601//558 604//558
f 604//558 601//558 605//558
f 601//664 602//664 605//664
f 605//665 602//665 606//665
f 603//666 604//666 607//666
f 607//667 604//667 608//667
f 604//651 605//651 608//651
f 608//651 605//651 609//651
f 605//668 606//668 609//668
f 609//669 606//669 610//669
f 607//670 608//670 611//670
f 611//671 608//671 612//671
f 608//646 609//646 612//646
f 612//573 609//573 613//573
f 609//672 610//672 613//672
f 613//673 610//673 614//673
f 611//674 612//674 615//674
f 615//675 612//675 616//675
f 612//641 613//641 616//641
f 616//641 613//641 617//641
f 613//676 614//676 617//676
f 617//677 614//677 618//677
f 615//678 616//678 619//678
f 619//679 616//679 620//679
f 616//636 617//636 620//636
f 620//636 617//636 621//636
f 617//680 618//680 621//680
f 621//681 618//681 622//681
f 619//682 620//682 623//682
f 623//683 620//683 624//683
f 620//631 621//631 624//631
f 624//631 621//631 625//631
f 621//684 622//684 625//684
f 625//685 622//685 626//685
f 623//686 624//686 627//686
f 627//687 624//687 628//687
f 624//578 625//578 628//578
f 628//688 625//688 629//688
f 625//689 626//689 629//689
f 629//690 626//690 630//690
f 627//691 628//691 631//691
f 631//692 628//692 632//692
f 628//693 629//693 632//693
f 632//693 629//693 633//693
f 629//694 630//694 633//694
f 633//695 630//695 634//695
f 631//696 632//696 635//696
f 635//697 632//697 636//697
f 632//698 633//698 636//698
f 636//527 633//527 637//527
f 633//699 634//699 637//699
f 637//700 634//700 638//700
f 635//701 636//701 639//701
f 639//702 636//702 640//702
f 636//703 637//703 640//703
f 640//703 637//703 641//703
f 637//704 638//704 641//704
f 641//705 638//705 642//705
f 639//706 640//706 643//706
f 643//707 640//707 644//707
f 640//609 641//609 644//609
f 644//609 641//609 645//609
f 641//708 642//708 645//708
f 645//709 642//709 646//709
f 643//710 644//710 647//710
f 647//711 644//711 648//711
f 644//604 645//604 648//604
f 648//604 645//604 649//604
f 645//712 646//712 649//712
f 649//713 646//713 650//713
f 647//714 648//714 651//714
f 651//715 648//715 652//715
f 648//716 649//716 652//716
f 652//717 649//717 653//717
f 649//718 650//718 653//718
f 653//719 650//719 654//719
f 651//720 652//720 655//720
f 655//721 652//721 656//721
f 652//589 653//589 656//589
f 656//589 653//589 657//589
f 653//722 654//722 657//722
f 657//723 654//723 658//723
f 655//724 656//724 659//724
f 659//725 656//725 660//725
f 656//594 657//594 660//594
f 660//594 657//594 661//594
f 657//726 658//726 661//726
f 661//727 658//727 662//727
f 659//728 660//728 663//728
f 663//729 660//729 664//729
f 660//558 661//558 664//558
f 664//558 661//558 665//558
f 661//730 662//730 665//730
f 665//731 662//731 666//731
f 663//732 664//732 667//732
f 667//733 664//733 668//733
f 664//651 665//651 668//651
f 668//651 665//651 669//651
f 665//734 666//734 669//734
f 669//735 666//735 670//735
f 667//736 668//736 671//736
f 671//737 668//737 672//737
f 668//567 669//567 672//567
f 672//542 669//542 673//542
f 669//738 670//738 673//738
f 673//739 670//739 674//739
f 671//740 672//740 675//740
f 675//741 672//741 676//741
f 672//742 673//742 676//742
f 676//742 673//742 677//742
f 673//743 674//743 677//743
f 677//744 674//744 678//744
f 675//745 676//745 679//745
f 679//746 676//746 680//746
f 676//558 677//558 680//558
f 680//527 677//527 681//527
f 677//747 678//747 681//747
f 681//748 678//748 682//748
f 679//749 680//749 683//749
f 683//750 680//750 684//750
f 680//751 681//751 684//751
f 684//752 681//752 685//752
f 681//753 682//753 685//753
f 685//754 682//754 686//754
f 683//755 684//755 687//755
f 687//756 684//756 688//756
f 684//757 685//757 688//757
f 688//757 685//757 689//757
f 685//758 686//758 689//758
f 689//759 686//759 690//759
f 687//760 688//760 691//760
f 691//761 688//761 692//761
f 688//762 689//762 692//762
f 692//762 689//762 693//762
f 689//763 690//763 693//763
f 693//764 690//764 694//764
f 691//765 692//765 695//765
f 695//766 692//766 696//766
f 692//767 693//767 696//767
f 696//767 693//767 697//767
f 693//768 694//768 697//768
f 697//769 694//769 698//769
f 695//770 696//770 699//770
f 699//771 696//771 700//771
f 696//522 697//522 700//522
f 700//522 697//522 701//522
f 697//772 698//772 701//772
f 701//773 698//773 702//773
f 699//774 700//774 703//774
f 703//775 700//775 704//775
f 700//604 701//604 704//604
f 704//537 701//537 705//537
f 701//776 702//776 705//776
f 705//777 702//777 706//777
f 703//778 704//778 707//778
f 707//779 704//779 708//779
f 704//567 705//567 708//567
f 708//567 705//567 709//567
f 705//780 706//780 709//780
f 709//781 706//781 710//781
f 707//782 708//782 711//782
f 711//783 708//783 712//783
f 708//553 709//553 712//553
f 712//553 709//553 713//553
f 709//784 710//784 713//784
f 713//785 710//785 714//785
f 711//786 712//786 715//786
f 715//787 712//787 716//787
f 712//788 713//788 716//788
f 716//788 713//788 717//788
f 713//789 714//789 717//789
f 717//790 714//790 718//790
f 715//791 716//791 719//791
f 719//792 716//792 720//792
f 716//793 717//793 720//793
f 720//793 717//793 721//793
f 717//794 718//794 721//794
f 721//795 718//795 722//795
f 719//796 720//796 723//796
f 723//797 720//797 724//797
f 720//798 721//798 724//798
f 724//798 721//798 725//798
f 721//799 722//799 725//799
f 725//800 722//800 726//800
f 723//801 724//801 727//801
f 727//802 724//802 728//802
f 724//803 725//803 728//803
f 728//803 725//803 729//803
f 725//804 726//804 729//804
f 729//805 726//805 730//805
f 727//806 728//806 731//806
f 731//807 728//807 732//807
f 728//808 729//808 732//808
f 732//809 729//809 733//809
f 729//810 730//810 733//810
f 733//811 730//811 734//811
f 731//812 732//812 735//812
f 735//813 732//813 736//813
f 732//814 733//814 736//814
f 736//814 733//814 737//814
f 733//815 734//815 737//815
f 737//816 734//816 738//816
f 735//817 736//817 739//817
f 739//818 736//818 740//818
f 736//819 737//819 740//819
f 740//819 737//819 741//819
f 737//820 738//820 741//820
f 741//821 738//821 742//821
f 739//822 740//822 743//822
f 743//823 740//823 744//823
f 740//824 741//824 744//824
f 744//824 741//824 745//824
f 741//825 742//825 745//825
f 745//826 742//826 746//826
f 743//827 744//827 747//827
f 747//828 744//828 748//828
f 744//829 745//829 748//829
f 748//829 745//829 749//829
f 745//830 746//830 749//830
f 749//831 746//831 750//831
f 747//832 748//832 751//832
f 751//833 748//833 752//833
f 748//834 749//834 752//834
f 752//835 749//835 753//835
f 749//836 750//836 753//836
f 753//837 750//837 754//837
f 751//838 752//838 755//838
f 755//839 752//839 756//839
f 752//840 753//840 756//840
f 756//841 753//841 757//841
f 753//842 754//842 757//842
f 757//843 754//843 758//843
f 755//844 756//844 759//844
f 759//845 756//845 760//845
f 756//846 757//846 760//846
f 760//846 757//846 761//846
f 757//847 758//847 761//847
f 761//848 758//848 762//848
f 759//849 760//849 763//849
f 763//850 760//850 764//850
f 760//851 761//851 764//851
f 764//803 761//803 765//803
f 761//852 762//852 765//852
f 765//853 762//853 766//853
f 763//854 764//854 767//854
f 767//855 764//855 768//855
f 764//856 765//856 768//856
f 768//856 765//856 769//856
f 765//857 766//857 769//857
f 769//858 766//858 770//858
f 767//859 768//859 771//859
f 771//860 768//860 772//860
f 768//841 769//841 772//841
f 772//841 769//841 773//841
f 769//861 770//861 773//861
f 773//862 770//862 774//862
f 771//863 772//863 775//863
f 775//864 772//864 776//864
f 772//865 773//865 776//865
f 776//865 773//865 777//865
f 773//866 774//866 777//866
f 777//867 774//867 778//867
f 775//868 776//868 779//868
f 779//869 776//869 780//869
f 776//870 777//870 780//870
f 780//870 777//870 781//870
f 777//871 778//871 781//871
f 781//872 778//872 782//872
f 779//873 780//873 783//873
f 783//874 780//874 784//874
f 780//875 781//875 784//875
f 784//876 781//876 785//876
f 781//877 782//877 785//877
f 785//878 782//878 786//878
f 783//879 784//879 787//879
f 787//880 784//880 788//880
f 784//809 785//809 788//809
f 788//809 785//809 789//809
f 785//881 786//881 789//881
f 789//882 786//882 790//882
f 787//883 788//883 791//883
f 791//884 788//884 792//884
f 788//885 789//885 792//885
f 792//885 789//885 793//885
f 789//886 790//886 793//886
f 793//887 790//887 794//887
f 791//888 792//888 795//888
f 795//889 792//889 796//889
f 792//890 793//890 796//890
f 796//890 793//890 797//890
f 793//891 794//891 797//891
f 797//892 794//892 798//892
f 795//893 796//893 799//893
f 799//894 796//894 800//894
f 796//840 797//840 800//840
f 800//895 797//895 801//895
f 797//896 798//896 801//896
f 801//897 798//897 802//897
f 799//898 800//898 803//898
f 803//899 800//899 804//899
f 800//900 801//900 804//900
f 804//900 801//900 805//900
f 801//901 802//901 805//901
f 805//902 802//902 806//902
f 803//903 804//903 807//903
f 807//904 804//904 808//904
f 804//905 805//905 808//905
f 808//906 805//906 809//906
f 805//907 806//907 809//907
f 809//908 806//908 810//908
f 807//909 808//909 811//909
f 811//910 808//910 812//910
f 808//911 809//911 812//911
f 812//911 809//911 813//911
f 809//912 810//912 813//912
f 813//913 810//913 814//913
f 811//914 812//914 815//914
f 815//915 812//915 816//915
f 812//916 813//916 816//916
f 816//916 813//916 817//916
f 813//917 814//917 817//917
f 817//918 814//918 818//918
f 815//919 816//919 819//919
f 819//920 816//920 820//920
f 816//921 817//921 820//921
f 820//921 817//921 821//921
f 817//922 818//922 821//922
f 821//923 818//923 822//923
f 819//924 820//924 823//924
f 823//925 820//925 824//925
f 820//926 821//926 824//926
f 824//927 821//927 825//927
f 821//928 822//928 825//928
f 825//929 822//929 826//929
f 823//930 824//930 827//930
f 827//931 824//931 828//931
f 824//856 825//856 828//856
f 828//856 825//856 829//856
f 825//932 826//932 829//932
f 829//933 826//933 830//933
f 827//934 828//934 831//934
f 831//935 828//935 832//935
f 828//841 829//841 832//841
f 832//841 829//841 833//841
f 829//936 830//936 833//936
f 833//937 830//937 834//937
f 831//938 832//938 835//938
f 835//149 832//149 835//149
f 832//906 833//906 835//906
f 835//906 833//906 836//906
f 833//939 834//939 836//939
f 836//149 834//149 836//149
f 835//149 835//149 837//149
f 837//940 835//940 838//940
f 835//906 836//906 838//906
f 838//906 836//906 839//906
f 836//149 836//149 839//149
f 839//941 836//941 840//941
f 837//942 838//942 841//942
f 841//943 838//943 842//943
f 838//841 839//841 842//841
f 842//841 839//841 843//841
f 839//944 840//944 843//944
f 843//945 840//945 844//945
f 841//946 842//946 845//946
f 845//947 842//947 846//947
f 842//856 843//856 846//856
f 846//856 843//856 847//856
f 843//948 844//948 847//948
f 847//949 844//949 848//949
f 845//950 846//950 849//950
f 849//951 846//951 850//951
f 846//927 847//927 850//927
f 850//926 847//926 851//926
f 847//952 848//952 851//952
f 851//953 848//953 852//953
f 849//954 850//954 853//954
f 853//955 850//955 854//955
f 850//921 851//921 854//921
f 854//921 851//921 855//921
f 851//956 852//956 855//956
f 855//957 852//957 856//957
f 853//958 854//958 857//958
f 857//959 854//959 858//959
f 854//916 855//916 858//916
f 858//916 855//916 859//916
f 855//960 856//960 859//960
f 859//961 856//961 860//961
f 857//962 858//962 861//962
f 861//963 858//963 862//963
f 858//911 859//911 862//911
f 862//911 859//911 863//911
f 859//964 860//964 863//964
f 863//965 860//965 864//965
f 861//966 862//966 865//966
f 865//967 862//967 866//967
f 862//968 863//968 866//968
f 866//968 863//968 867//968
f 863//969 864//969 867//969
f 867//970 864//970 868//970
f 865//971 866//971 869//971
f 869//972 866//972 870//972
f 866//973 867//973 870//973
f 870//973 867//973 871//973
f 867//974 868//974 871//974
f 871//975 868//975 872//975
f 869//976 870//976 873//976
f 873//977 870//977 874//977
f 870//808 871//808 874//808
f 874//808 871//808 875//808
f 871//978 872//978 875//978
f 875//979 872//979 876//979
f 873//980 874//980 877//980
f 877//981 874//981 878//981
f 874//798 875//798 878//798
f 878//798 875//798 879//798
f 875//982 876//982 879//982
f 879//983 876//983 880//983
f 877//984 878//984 881//984
f 881//985 878//985 882//985
f 878//885 879//885 882//885
f 882//885 879//885 883//885
f 879//986 880//986 883//986
f 883//987 880//987 884//987
f 881//988 882//988 885//988
f 885//989 882//989 886//989
f 882//809 883//809 886//809
f 886//809 883//809 887//809
f 883//990 884//990 887//990
f 887//991 884//991 888//991
f 885//992 886//992 889//992
f 889//993 886//993 890//993
f 886//968 887//968 890//968
f 890//994 887//994 891//994
f 887//995 888//995 891//995
f 891//996 888//996 892//996
f 889//997 890//997 893//997
f 893//998 890//998 894//998
f 890//865 891//865 894//865
f 894//865 891//865 895//865
f 891//999 892//999 895//999
f 895//1000 892//1000 896//1000
f 893//1001 894//1001 897//1001
f 897//1002 894//1002 898//1002
f 894//870 895//870 898//870
f 898//870 895//870 899//870
f 895//1003 896//1003 899//1003
f 899//1004 896//1004 900//1004
f 897//1005 898//1005 901//1005
f 901//1006 898//1006 902//1006
f 898//968 899//968 902//968
f 902//968 899//968 903//968
f 899//1007 900//1007 903//1007
f 903//1008 900//1008 904//1008
f 901//1009 902//1009 905//1009
f 905//1010 902//1010 906//1010
f 902//1011 903//1011 906//1011
f 906//906 903//906 907//906
f 903//1012 904//1012 907//1012
f 907//1013 904//1013 908//1013
f 905//1014 906//1014 909//1014
f 909//1015 906//1015 910//1015
f 906//926 907//926 910//926
f 910//1016 907//1016 911//1016
f 907//1017 908//1017 911//1017
f 911//1018 908//1018 912//1018
f 909//1019 910//1019 913//1019
f 913//1020 910//1020 914//1020
f 910//803 911//803 914//803
f 914//803 911//803 915//803
f 911//1021 912//1021 915//1021
f 915//1022 912//1022 916//1022
f 913//1023 914//1023 917//1023
f 917//1024 914//1024 918//1024
f 914//841 915//841 918//841
f 918//840 915//840 919//840
f 915//1025 916//1025 919//1025
f 919//1026 916//1026 920//1026
f 917//1027 918//1027 921//1027
f 921//1028 918//1028 922//1028
f 918//841 919//841 922//841
f 922//841 919//841 923//841
f 919//1029 920//1029 923//1029
f 923//1030 920//1030 924//1030
f 921//1031 922//1031 925//1031
f 925//1032 922//1032 926//1032
f 922//798 923//798 926//798
f 926//798 923//798 927//798
f 923//1033 924//1033 927//1033
f 927//1034 924//1034 928//1034
f 925//1035 926//1035 929//1035
f 929//1036 926//1036 930//1036
f 926//1037 927//1037 930//1037
f 930//1038 927//1038 931//1038
f 927//1039 928//1039 931//1039
f 931//1040 928//1040 932//1040
f 929//1041 930//1041 933//1041
f 933//1042 930//1042 934//1042
f 930//851 931//851 934//851
f 934//851 931//851 935//851
f 931//1043 932//1043 935//1043
f 935//1044 932//1044 936//1044
f 933//1045 934//1045 937//1045
f 937//1046 934//1046 938//1046
f 934//808 935//808 938//808
f 938//808 935//808 939//808
f 935//1047 936//1047 939//1047
f 939//1048 936//1048 940//1048
f 937//1049 938//1049 941//1049
f 941//1050 938//1050 942//1050
f 938//1051 939//1051 942//1051
f 942//1051 939//1051 943//1051
f 939//1052 940//1052 943//1052
f 943//1053 940//1053 944//1053
f 941//1054 942//1054 945//1054
f 945//1055 942//1055 946//1055
f 942//840 943//840 946//840
f 946//840 943//840 947//840
f 943//1056 944//1056 947//1056
f 947//1057 944//1057 948//1057
f 945//1058 946//1058 949//1058
f 949//1059 946//1059 950//1059
f 946//814 947//814 950//814
f 950//814 947//814 951//814
f 947//1060 948//1060 951//1060
f 951//1061 948//1061 952//1061
f 949//1062 950//1062 953//1062
f 953//1063 950//1063 954//1063
f 950//1064 951//1064 954//1064
f 954//1064 951//1064 955//1064
f 951//1065 952//1065 955//1065
f 955//1066 952//1066 956//1066
f 953//1067 954//1067 957//1067
f 957//1068 954//1068 958//1068
f 954//1069 955//1069 958//1069
f 958//1069 955//1069 959//1069
f 955//1070 956//1070 959//1070
f 959//1071 956//1071 960//1071
f 957//1072 958//1072 961//1072
f 961//1073 958//1073 962//1073
f 958//1069 959//1069 962//1069
f 962//1069 959//1069 963//1069
f 959//1074 960//1074 963//1074
f 963//1075 960//1075 964//1075
f 961//1076 962//1076 965//1076
f 965//1077 962//1077 966//1077
f 962//1069 963//1069 966//1069
f 966//1069 963//1069 967//1069
f 963//1078 964//1078 967//1078
f 967//1079 964//1079 968//1079
f 965//1080 966//1080 969//1080
f 969//1081 966//1081 970//1081
f 966//1069 967//1069 970//1069
f 970//1069 967//1069 971//1069
f 967//1082 968//1082 971//1082
f 971//1083 968//1083 972//1083
f 969//1084 970//1084 973//1084
f 973//1085 970//1085 974//1085
f 970//1069 971//1069 974//1069
f 974//1069 971//1069 975//1069
f 971//1086 972//1086 975//1086
f 975//1087 972//1087 976//1087
f 973//1088 974//1088 977//1088
f 977//1089 974//1089 978//1089
f 974//1069 975//1069 978//1069
f 978//1069 975//1069 979//1069
f 975//1090 976//1090 979//1090
f 979//1091 976//1091 980//1091
f 977//1092 978//1092 981//1092
f 981//1093 978//1093 982//1093
f 978//1069 979//1069 982//1069
f 982//1069 979//1069 983//1069
f 979//1094 980//1094 983//1094
f 983//1095 980//1095 984//1095
f 981//1096 982//1096 985//1096
f 985//1097 982//1097 986//1097
f 982//1069 983//1069 986//1069
f 986//1069 983//1069 987//1069
f 983//1098 984//1098 987//1098
f 987//1099 984//1099 988//1099
f 985//1100 986//1100 989//1100
f 989//1101 986//1101 990//1101
f 986//1069 987//1069 990//1069
f 990//1069 987//1069 991//1069
f 987//1102 988//1102 991//1102
f 991//1103 988//1103 992//1103
f 989//1104 990//1104 993//1104
f 993//1105 990//1105 994//1105
f 990//1069 991//1069 994//1069
f 994//1069 991//1069 995//1069
f 991//1106 992//1106 995//1106
f 995//1107 992//1107 996//1107
f 993//1108 994//1108 997//1108
f 997//1109 994//1109 998//1109
f 994//1069 995//1069 998//1069
f 998//1069 995//1069 999//1069
f 995//1110 996//1110 999//1110
f 999//1111 996//1111 1000//1111
f 997//1112 998//1112 1001//1112
f 1001//1113 998//1113 1002//1113
f 998//1069 999//1069 1002//1069
f 1002//1069 999//1069 1003//1069
f 999//1114 1000//1114 1003//1114
f 1003//1115 1000//1115 1004//1115
f 1001//1116 1002//1116 1005//1116
f 1005//1117 1002//1117 1006//1117
f 1002//1069 1003//1069 1006//1069
f 1006//1069 1003//1069 1007//1069
f 1003//1118 1004//1118 1007//1118
f 1007//1119 1004//1119 1008//1119
f 1005//1120 1006//1120 1009//1120
f 1009//1121 1006//1121 1010//1121
f 1006//1069 1007//1069 1010//1069
f 1010//1069 1007//1069 1011//1069
f 1007//1122 1008//1122 1011//1122
f 1011//1123 1008//1123 1012//1123
f 1009//1124 1010//1124 1013//1124
f 1013//1125 1010//1125 1014//1125
f 1010//1069 1011//1069 1014//1069
f 1014//1069 1011//1069 1015//1069
f 1011//1126 1012//1126 1015//1126
f 1015//1127 1012//1127 1016//1127
f 1013//1128 1014//1128 1017//1128
f 1017//1129 1014//1129 1018//1129
f 1014//1069 1015//1069 1018//1069
f 1018//1069 1015//1069 1019//1069
f 1015//1130 1016//1130 1019//1130
f 1019//1131 1016//1131 1020//1131
f 1017//1132 1018//1132 1021//1132
f 1021//1133 1018//1133 1022//1133
f 1018//1069 1019//1069 1022//1069
f 1022//1069 1019//1069 1023//1069
f 1019//1134 1020//1134 1023//1134
f 1023//1135 1020//1135 1024//1135
f 1021//1136 1022//1136 1025//1136
f 1025//1137 1022//1137 1026//1137
f 1022//1069 1023//1069 1026//1069
f 1026//1069 1023//1069 1027//1069
f 1023//1138 1024//1138 1027//1138
f 1027//1139 1024//1139 1028//1139
f 1025//1140 1026//1140 1029//1140
f 1029//1141 1026//1141 1030//1141
f 1026//1069 1027//1069 1030//1069
f 1030//1069 1027//1069 1031//1069
f 1027//1142 1028//1142 1031//1142
f 1031//1143 1028//1143 1032//1143
f 1029//1144 1030//1144 1033//1144
f 1033//1145 1030//1145 1034//1145
f 1030//1069 1031//1069 1034//1069
f 1034//1069 1031//1069 1035//1069
f 1031//1146 1032//1146 1035//1146
f 1035//1147 1032//1147 1036//1147
f 1033//1148 1034//1148 1037//1148
f 1037//1149 1034//1149 1038//1149
f 1034//1069 1035//1069 1038//1069
f 1038//1069 1035//1069 1039//1069
f 1035//1150 1036//1150 1039//1150
f 1039//1151 1036//1151 1040//1151
f 1037//1152 1038//1152 1041//1152
f 1041//1153 1038//1153 1042//1153
f 1038//1069 1039//1069 1042//1069
f 1042//1069 1039//1069 1043//1069
f 1039//1154 1040//1154 1043//1154
f 1043//1155 1040//1155 1044//1155
f 1041//1156 1042//1156 1045//1156
f 1045//1157 1042//1157 1046//1157
f 1042//1069 1043//1069 1046//1069
f 1046//1069 1043//1069 1047//1069
f 1043//1158 1044//1158 1047//1158
f 1047//1159 1044//1159 1048//1159
f 1045//1160 1046//1160 1049//1160
f 1049//1161 1046//1161 1050//1161
f 1046//1069 1047//1069 1050//1069
f 1050//1069 1047//1069 1051//1069
f 1047//1162 1048//1162 1051//1162
f 1051//1163 1048//1163 1052//1163
f 1049//1164 1050//1164 1053//1164
f 1053//1165 1050//1165 1054//1165
f 1050//1069 1051//1069 1054//1069
f 1054//1069 1051//1069 1055//1069
f 1051//1166 1052//1166 1055//1166
f 1055//1167 1052//1167 1056//1167
f 1053//1168 1054//1168 1057//1168
f 1057//1169 1054//1169 1058//1169
f 1054//1069 1055//1069 1058//1069
f 1058//1069 1055//1069 1059//1069
f 1055//1170 1056//1170 1059//1170
f 1059//1171 1056//1171 1060//1171
f 1057//1172 1058//1172 1061//1172
f 1061//1173 1058//1173 1062//1173
f 1058//1069 1059//1069 1062//1069
f 1062//1069 1059//1069 1063//1069
f 1059//1174 1060//1174 1063//1174
f 1063//1175 1060//1175 1064//1175
f 1061//1176 1062//1176 1065//1176
f 1065//1177 1062//1177 1066//1177
f 1062//1069 1063//1069 1066//1069
f 1066//1069 1063//1069 1067//1069
f 1063//1178 1064//1178 1067//1178
f 1067//1179 1064//1179 1068//1179
f 1065//1180 1066//1180 1069//1180
f 1069//1181 1066//1181 1070//1181
f 1066//1069 1067//1069 1070//1069
f 1070//1069 1067//1069 1071//1069
f 1067//1182 1068//1182 1071//1182
f 1071//1183 1068//1183 1072//1183
f 1069//1184 1070//1184 1073//1184
f 1073//149 1070//149 1073//149
f 1070//1069 1071//1069 1073//1069
f 1073//1069 1071//1069 1074//1069
f 1071//1185 1072//1185 1074//1185
f 1074//149 1072//149 1074//149
f 1073//149 1073//149 1075//149
f 1075//1186 1073//1186 1076//1186
f 1073//1069 1074//1069 1076//1069
f 1076//1069 1074//1069 1077//1069
f 1074//149 1074//149 1077//149
f 1077//1187 1074//1187 1078//1187
f 1075//1188 1076//1188 1079//1188
f 1079//1189 1076//1189 1080//1189
f 1076//1069 1077//1069 1080//1069
f 1080//1069 1077//1069 1081//1069
f 1077//1190 1078//1190 1081//1190
f 1081//1191 1078//1191 1082//1191
f 1079//1192 1080//1192 1083//1192
f 1083//1193 1080//1193 1084//1193
f 1080//1069 1081//1069 1084//1069
f 1084//1069 1081//1069 1085//1069
f 1081//1194 1082//1194 1085//1194
f 1085//1195 1082//1195 1086//1195
f 1083//1196 1084//1196 1087//1196
f 1087//1197 1084//1197 1088//1197
f 1084//1069 1085//1069 1088//1069
f 1088//1069 1085//1069 1089//1069
f 1085//1198 1086//1198 1089//1198
f 1089//1199 1086//1199 1090//1199
f 1087//1200 1088//1200 1091//1200
f 1091//1201 1088//1201 1092//1201
f 1088//1069 1089//1069 1092//1069
f 1092//1069 1089//1069 1093//1069
f 1089//1202 1090//1202 1093//1202
f 1093//1203 1090//1203 1094//1203
f 1091//1204 1092//1204 1095//1204
f 1095//1205 1092//1205 1096//1205
f 1092//1069 1093//1069 1096//1069
f 1096//1069 1093//1069 1097//1069
f 1093//1206 1094//1206 1097//1206
f 1097//1207 1094//1207 1098//1207
f 1095//1208 1096//1208 1099//1208
f 1099//1209 1096//1209 1100//1209
f 1096//1069 1097//1069 1100//1069
f 1100//1069 1097//1069 1101//1069
f 1097//1210 1098//1210 1101//1210
f 1101//1211 1098//1211 1102//1211
f 1099//1212 1100//1212 1103//1212
f 1103//1213 1100//1213 1104//1213
f 1100//1069 1101//1069 1104//1069
f 1104//1069 1101//1069 1105//1069
f 1101//1214 1102//1214 1105//1214
f 1105//1215 1102//1215 1106//1215
f 1103//1216 1104//1216 1107//1216
f 1107//1217 1104//1217 1108//1217
f 1104//1069 1105//1069 1108//1069
f 1108//1069 1105//1069 1109//1069
f 1105//1218 1106//1218 1109//1218
f 1109//1219 1106//1219 1110//1219
f 1107//1220 1108//1220 1111//1220
f 1111//1221 1108//1221 1112//1221
f 1108//1069 1109//1069 1112//1069
f 1112//1069 1109//1069 1113//1069
f 1109//1222 1110//1222 1113//1222
f 1113//1223 1110//1223 1114//1223
f 1111//1224 1112//1224 1115//1224
f 1115//1225 1112//1225 1116//1225
f 1112//1069 1113//1069 1116//1069
f 1116//1069 1113//1069 1117//1069
f 1113//1226 1114//1226 1117//1226
f 1117//1227 1114//1227 1118//1227
f 1115//1228 1116//1228 1119//1228
f 1119//1229 1116//1229 1120//1229
f 1116//1069 1117//1069 1120//1069
f 1120//1069 1117//1069 1121//1069
f 1117//1230 1118//1230 1121//1230
f 1121//1231 1118//1231 1122//1231
f 1119//1232 1120//1232 1123//1232
f 1123//1233 1120//1233 1124//1233
f 1120//1069 1121//1069 1124//1069
f 1124//1069 1121//1069 1125//1069
f 1121//1234 1122//1234 1125//1234
f 1125//1235 1122//1235 1126//1235
f 1123//1236 1124//1236 1127//1236
f 1127//1237 1124//1237 1128//1237
f 1124//1069 1125//1069 1128//1069
f 1128//1069 1125//1069 1129//1069
f 1125//1238 1126//1238 1129//1238
f 1129//1239 1126//1239 1130//1239
f 1127//1240 1128//1240 1131//1240
f 1131//1241 1128//1241 1132//1241
f 1128//1069 1129//1069 1132//1069
f 1132//1069 1129//1069 1133//1069
f 1129//1242 1130//1242 1133//1242
f 1133//1243 1130//1243 1134//1243
f 1131//1244 1132//1244 1135//1244
f 1135//1245 1132//1245 1136//1245
f 1132//1069 1133//1069 1136//1069
f 1136//1069 1133//1069 1137//1069
f 1133//1246 1134//1246 1137//1246
f 1137//1247 1134//1247 1138//1247
f 1135//1248 1136//1248 1139//1248
f 1139//1249 1136//1249 1140//1249
f 1136//1069 1137//1069 1140//1069
f 1140//1069 1137//1069 1141//1069
f 1137//1250 1138//1250 1141//1250
f 1141//1251 1138//1251 1142//1251
f 1139//1252 1140//1252 1143//1252
f 1143//1253 1140//1253 1144//1253
f 1140//1069 1141//1069 1144//1069
f 1144//1069 1141//1069 1145//1069
f 1141//1254 1142//1254 1145//1254
f 1145//1255 1142//1255 1146//1255
f 1143//1256 1144//1256 1147//1256
f 1147//1257 1144//1257 1148//1257
f 1144//1069 1145//1069 1148//1069
f 1148//1069 1145//1069 1149//1069
f 1145//1258 1146//1258 1149//1258
f 1149//1259 1146//1259 1150//1259
f 1147//1260 1148//1260 1151//1260
f 1151//1261 1148//1261 1152//1261
f 1148//1069 1149//1069 1152//1069
f 1152//1069 1149//1069 1153//1069
f 1149//1262 1150//1262 1153//1262
f 1153//1263 1150//1263 1154//1263
f 1151//1264 1152//1264 1155//1264
f 1155//1265 1152//1265 1156//1265
f 1152//1069 1153//1069 1156//1069
f 1156//1069 1153//1069 1157//1069
f 1153//1266 1154//1266 1157//1266
f 1157//1267 1154//1267 1158//1267
f 1155//1268 1156//1268 1159//1268
f 1159//1269 1156//1269 1160//1269
f 1156//1069 1157//1069 1160//1069
f 1160//1069 1157//1069 1161//1069
f 1157//1270 1158//1270 1161//1270
f 1161//1271 1158//1271 1162//1271
f 1159//1272 1160//1272 1163//1272
f 1163//1273 1160//1273 1164//1273
f 1160//1069 1161//1069 1164//1069
f 1164//1069 1161//1069 1165//1069
f 1161//1274 1162//1274 1165//1274
f 1165//1275 1162//1275 1166//1275
f 1163//1276 1164//1276 1167//1276
f 1167//1277 1164//1277 1168//1277
f 1164//1069 1165//1069 1168//1069
f 1168//1069 1165//1069 1169//1069
f 1165//1278 1166//1278 1169//1278
f 1169//1279 1166//1279 1170//1279
f 1167//1280 1168//1280 1171//1280
f 1171//1281 1168//1281 1172//1281
f 1168//1069 1169//1069 1172//1069
f 1172//1069 1169//1069 1173//1069
f 1169//1282 1170//1282 1173//1282
f 1173//1283 1170//1283 1174//1283
f 1171//1284 1172//1284 1175//1284
f 1175//1285 1172//1285 1176//1285
f 1172//1069 1173//1069 1176//1069
f 1176//1069 1173//1069 1177//1069
f 1173//1286 1174//1286 1177//1286
f 1177//1287 1174//1287 1178//1287
f 1175//1288 1176//1288 1179//1288
f 1179//1289 1176//1289 1180//1289
f 1176//1069 1177//1069 1180//1069
f 1180//1069 1177//1069 1181//1069
f 1177//1290 1178//1290 1181//1290
f 1181//1291 1178//1291 1182//1291
f 1179//1292 1180//1292 1183//1292
f 1183//1293 1180//1293 1184//1293
f 1180//1069 1181//1069 1184//1069
f 1184//1069 1181//1069 1185//1069
f 1181//1294 1182//1294 1185//1294
f 1185//1295 1182//1295 1186//1295
f 1183//1296 1184//1296 1187//1296
f 1187//1297 1184//1297 1188//1297
f 1184//1069 1185//1069 1188//1069
f 1188//1069 1185//1069 1189//1069
f 1185//1298 1186//1298 1189//1298
f 1189//1299 1186//1299 1190//1299
f 1187//1300 1188//1300 1191//1300
f 1191//1301 1188//1301 1192//1301
f 1188//1069 1189//1069 1192//1069
f 1192//1069 1189//1069 1193//1069
f 1189//1302 1190//1302 1193//1302
f 1193//1303 1190//1303 1194//1303
f 1191//1304 1192//1304 1195//1304
f 1195//1305 1192//1305 1196//1305
f 1192//1306 1193//1306 1196//1306
f 1196//1306 1193//1306 1197//1306
f 1193//1307 1194//1307 1197//1307
f 1197//1308 1194//1308 1198//1308
f 1195//1309 1196//1309 1199//1309
f 1199//1310 1196//1310 1200//1310
f 1196//1311 1197//1311 1200//1311
f 1200//1311 1197//1311 1201//1311
f 1197//1312 1198//1312 1201//1312
f 1201//1313 1198//1313 1202//1313
f 1199//1314 1200//1314 1203//1314
f 1203//1315 1200//1315 1204//1315
f 1200//1316 1201//1316 1204//1316
f 1204//1316 1201//1316 1205//1316
f 1201//1317 1202//1317 1205//1317
f 1205//1318 1202//1318 1206//1318
f 1203//1319 1204//1319 1207//1319
f 1207//1320 1204//1320 1208//1320
f 1204//1321 1205//1321 1208//1321
f 1208//1321 1205//1321 1209//1321
f 1205//1322 1206//1322 1209//1322
f 1209//1323 1206//1323 1210//1323
f 1207//1324 1208//1324 1211//1324
f 1211//1325 1208//1325 1212//1325
f 1208//1326 1209//1326 1212//1326
f 1212//1326 1209//1326 1213//1326
f 1209//1327 1210//1327 1213//1327
f 1213//1328 1210//1328 1214//1328
f 1211//1329 1212//1329 1215//1329
f 1215//1330 1212//1330 1216//1330
f 1212//1331 1213//1331 1216//1331
f 1216//1331 1213//1331 1217//1331
f 1213//1332 1214//1332 1217//1332
f 1217//1333 1214//1333 1218//1333
f 1215//1334 1216//1334 1219//1334
f 1219//1335 1216//1335 1220//1335
f 1216//1336 1217//1336 1220//1336
f 1220//1337 1217//1337 1221//1337
f 1217//1338 1218//1338 1221//1338
f 1221//1339 1218//1339 1222//1339
f 1219//1340 1220//1340 1223//1340
f 1223//1341 1220//1341 1224//1341
f 1220//1342 1221//1342 1224//1342
f 1224//1342 1221//1342 1225//1342
f 1221//1343 1222//1343 1225//1343
f 1225//1344 1222//1344 1226//1344
f 1223//1345 1224//1345 1227//1345
f 1227//1346 1224//1346 1228//1346
f 1224//1347 1225//1347 1228//1347
f 1228//1347 1225//1347 1229//1347
f 1225//1348 1226//1348 1229//1348
f 1229//1349 1226//1349 1230//1349
f 1227//1350 1228//1350 1231//1350
f 1231//1351 1228//1351 1232//1351
f 1228//1316 1229//1316 1232//1316
f 1232//1347 1229//1347 1233//1347
f 1229//1352 1230//1352 1233//1352
f 1233//1353 1230//1353 1234//1353
f 1231//1354 1232//1354 1235//1354
f 1235//1355 1232//1355 1236//1355
f 1232//1356 1233//1356 1236//1356
f 1236//1356 1233//1356 1237//1356
f 1233//1357 1234//1357 1237//1357
f 1237//1358 1234//1358 1238//1358
f 1235//1359 1236//1359 1239//1359
f 1239//1360 1236//1360 1240//1360
f 1236//1361 1237//1361 1240//1361
f 1240//1362 1237//1362 1241//1362
f 1237//1363 1238//1363 1241//1363
f 1241//1364 1238//1364 1242//1364
f 1239//1365 1240//1365 1243//1365
f 1243//1366 1240//1366 1244//1366
f 1240//1367 1241//1367 1244//1367
f 1244//1368 1241//1368 1245//1368
f 1241//1369 1242//1369 1245//1369
f 1245//1370 1242//1370 1246//1370
f 1243//1371 1244//1371 1247//1371
f 1247//1372 1244//1372 1248//1372
f 1244//1373 1245//1373 1248//1373
f 1248//1373 1245//1373 1249//1373
f 1245//1374 1246//1374 1249//1374
f 1249//1375 1246//1375 1250//1375
f 1247//1376 1248//1376 1251//1376
f 1251//1377 1248//1377 1252//1377
f 1248//1378 1249//1378 1252//1378
f 1252//1378 1249//1378 1253//1378
f 1249//1379 1250//1379 1253//1379
f 1253//1380 1250//1380 1254//1380
f 1251//1381 1252//1381 1255//1381
f 1255//1382 1252//1382 1256//1382
f 1252//1383 1253//1383 1256//1383
f 1256//1383 1253//1383 1257//1383
f 1253//1384 1254//1384 1257//1384
f 1257//1385 1254//1385 1258//1385
f 1255//1386 1256//1386 1259//1386
f 1259//1387 1256//1387 1260//1387
f 1256//1388 1257//1388 1260//1388
f 1260//1373 1257//1373 1261//1373
f 1257//1389 1258//1389 1261//1389
f 1261//1390 1258//1390 1262//1390
f 1259//1391 1260//1391 1263//1391
f 1263//1392 1260//1392 1264//1392
f 1260//1393 1261//1393 1264//1393
f 1264//1393 1261//1393 1265//1393
f 1261//1394 1262//1394 1265//1394
f 1265//1395 1262//1395 1266//1395
f 1263//1396 1264//1396 1267//1396
f 1267//1397 1264//1397 1268//1397
f 1264//1398 1265//1398 1268//1398
f 1268//1398 1265//1398 1269//1398
f 1265//1399 1266//1399 1269//1399
f 1269//1400 1266//1400 1270//1400
f 1267//1401 1268//1401 1271//1401
f 1271//1402 1268//1402 1272//1402
f 1268//1342 1269//1342 1272//1342
f 1272//1342 1269//1342 1273//1342
f 1269//1403 1270//1403 1273//1403
f 1273//1404 1270//1404 1274//1404
f 1271//1405 1272//1405 1275//1405
f 1275//1406 1272//1406 1276//1406
f 1272//1326 1273//1326 1276//1326
f 1276//1326 1273//1326 1277//1326
f 1273//1407 1274//1407 1277//1407
f 1277//1408 1274//1408 1278//1408
f 1275//1409 1276//1409 1279//1409
f 1279//1410 1276//1410 1280//1410
f 1276//1411 1277//1411 1280//1411
f 1280//1411 1277//1411 1281//1411
f 1277//1412 1278//1412 1281//1412
f 1281//1413 1278//1413 1282//1413
f 1279//1414 1280//1414 1283//1414
f 1283//1415 1280//1415 1284//1415
f 1280//1373 1281//1373 1284//1373
f 1284//1373 1281//1373 1285//1373
f 1281//1416 1282//1416 1285//1416
f 1285//1417 1282//1417 1286//1417
f 1283//1418 1284//1418 1287//1418
f 1287//1419 1284//1419 1288//1419
f 1284//1420 1285//1420 1288//1420
f 1288//1420 1285//1420 1289//1420
f 1285//1421 1286//1421 1289//1421
f 1289//1422 1286//1422 1290//1422
f 1287//1423 1288//1423 1291//1423
f 1291//1424 1288//1424 1292//1424
f 1288//1425 1289//1425 1292//1425
f 1292//1425 1289//1425 1293//1425
f 1289//1426 1290//1426 1293//1426
f 1293//1427 1290//1427 1294//1427
f 1291//1428 1292//1428 1295//1428
f 1295//1429 1292//1429 1296//1429
f 1292//1430 1293//1430 1296//1430
f 1296//1430 1293//1430 1297//1430
f 1293//1431 1294//1431 1297//1431
f 1297//1432 1294//1432 1298//1432
f 1295//1433 1296//1433 1299//1433
f 1299//1434 1296//1434 1300//1434
f 1296//1362 1297//1362 1300//1362
f 1300//1435 1297//1435 1301//1435
f 1297//1436 1298//1436 1301//1436
f 1301//1437 1298//1437 1302//1437
f 1299//1438 1300//1438 1303//1438
f 1303//1439 1300//1439 1304//1439
f 1300//1440 1301//1440 1304//1440
f 1304//1440 1301//1440 1305//1440
f 1301//1441 1302//1441 1305//1441
f 1305//1442 1302//1442 1306//1442
f 1303//1443 1304//1443 1307//1443
f 1307//1444 1304//1444 1308//1444
f 1304//1347 1305//1347 1308//1347
f 1308//1347 1305//1347 1309//1347
f 1305//1445 1306//1445 1309//1445
f 1309//1446 1306//1446 1310//1446
f 1307//1447 1308//1447 1311//1447
f 1311//149 1308//149 1311//149
f 1308//1367 1309//1367 1311//1367
f 1311//1367 1309//1367 1312//1367
f 1309//1448 1310//1448 1312//1448
f 1312//149 1310//149 1312//149
f 1311//149 1311//149 1313//149
f 1313//1449 1311//1449 1314//1449
f 1311//1367 1312//1367 1314//1367
f 1314//1367 1312//1367 1315//1367
f 1312//149 1312//149 1315//149
f 1315//1450 1312//1450 1316//1450
f 1313//1451 1314//1451 1317//1451
f 1317//1452 1314//1452 1318//1452
f 1314//1347 1315//1347 1318//1347
f 1318//1347 1315//1347 1319//1347
f 1315//1453 1316//1453 1319//1453
f 1319//1454 1316//1454 1320//1454
f 1317//1455 1318//1455 1321//1455
f 1321//1456 1318//1456 1322//1456
f 1318//1440 1319//1440 1322//1440
f 1322//1440 1319//1440 1323//1440
f 1319//1457 1320//1457 1323//1457
f 1323//1458 1320//1458 1324//1458
f 1321//1459 1322//1459 1325//1459
f 1325//1460 1322//1460 1326//1460
f 1322//1435 1323//1435 1326//1435
f 1326//1362 1323//1362 1327//1362
f 1323//1461 1324//1461 1327//1461
f 1327//1462 1324//1462 1328//1462
f 1325//1463 1326//1463 1329//1463
f 1329//1464 1326//1464 1330//1464
f 1326//1430 1327//1430 1330//1430
f 1330//1430 1327//1430 1331//1430
f 1327//1465 1328//1465 1331//1465
f 1331//1466 1328//1466 1332//1466
f 1329//1467 1330//1467 1333//1467
f 1333//1468 1330//1468 1334//1468
f 1330//1425 1331//1425 1334//1425
f 1334//1425 1331//1425 1335//1425
f 1331//1469 1332//1469 1335//1469
f 1335//1470 1332//1470 1336//1470
f 1333//1471 1334//1471 1337//1471
f 1337//1472 1334//1472 1338//1472
f 1334//1420 1335//1420 1338//1420
f 1338//1420 1335//1420 1339//1420
f 1335//1473 1336//1473 1339//1473
f 1339//1474 1336//1474 1340//1474
f 1337//1475 1338//1475 1341//1475
f 1341//1476 1338//1476 1342//1476
f 1338//1367 1339//1367 1342//1367
f 1342//1477 1339//1477 1343//1477
f 1339//1478 1340//1478 1343//1478
f 1343//1479 1340//1479 1344//1479
f 1341//1480 1342//1480 1345//1480
f 1345//1481 1342//1481 1346//1481
f 1342//1482 1343//1482 1346//1482
f 1346//1482 1343//1482 1347//1482
f 1343//1483 1344//1483 1347//1483
f 1347//1484 1344//1484 1348//1484
f 1345//1485 1346//1485 1349//1485
f 1349//1486 1346//1486 1350//1486
f 1346//1487 1347//1487 1350//1487
f 1350//1316 1347//1316 1351//1316
f 1347//1488 1348//1488 1351//1488
f 1351//1489 1348//1489 1352//1489
f 1349//1490 1350//1490 1353//1490
f 1353//1491 1350//1491 1354//1491
f 1350//1492 1351//1492 1354//1492
f 1354//1492 1351//1492 1355//1492
f 1351//1493 1352//1493 1355//1493
f 1355//1494 1352//1494 1356//1494
f 1353//1495 1354//1495 1357//1495
f 1357//1496 1354//1496 1358//1496
f 1354//1398 1355//1398 1358//1398
f 1358//1398 1355//1398 1359//1398
f 1355//1497 1356//1497 1359//1497
f 1359//1498 1356//1498 1360//1498
f 1357//1499 1358//1499 1361//1499
f 1361//1500 1358//1500 1362//1500
f 1358//1393 1359//1393 1362//1393
f 1362//1393 1359//1393 1363//1393
f 1359//1501 1360//1501 1363//1501
f 1363//1502 1360//1502 1364//1502
f 1361//1503 1362//1503 1365//1503
f 1365//1504 1362//1504 1366//1504
f 1362//1505 1363//1505 1366//1505
f 1366//1506 1363//1506 1367//1506
f 1363//1507 1364//1507 1367//1507
f 1367//1508 1364//1508 1368//1508
f 1365//1509 1366//1509 1369//1509
f 1369//1510 1366//1510 1370//1510
f 1366//1378 1367//1378 1370//1378
f 1370//1378 1367//1378 1371//1378
f 1367//1511 1368//1511 1371//1511
f 1371//1512 1368//1512 1372//1512
f 1369//1513 1370//1513 1373//1513
f 1373//1514 1370//1514 1374//1514
f 1370//1383 1371//1383 1374//1383
f 1374//1383 1371//1383 1375//1383
f 1371//1515 1372//1515 1375//1515
f 1375//1516 1372//1516 1376//1516
f 1373//1517 1374//1517 1377//1517
f 1377//1518 1374//1518 1378//1518
f 1374//1347 1375//1347 1378//1347
f 1378//1347 1375//1347 1379//1347
f 1375//1519 1376//1519 1379//1519
f 1379//1520 1376//1520 1380//1520
f 1377//1521 1378//1521 1381//1521
f 1381//1522 1378//1522 1382//1522
f 1378//1440 1379//1440 1382//1440
f 1382//1440 1379//1440 1383//1440
f 1379//1523 1380//1523 1383//1523
f 1383//1524 1380//1524 1384//1524
f 1381//1525 1382//1525 1385//1525
f 1385//1526 1382//1526 1386//1526
f 1382//1356 1383//1356 1386//1356
f 1386//1331 1383//1331 1387//1331
f 1383//1527 1384//1527 1387//1527
f 1387//1528 1384//1528 1388//1528
f 1385//1529 1386//1529 1389//1529
f 1389//1530 1386//1530 1390//1530
f 1386//1531 1387//1531 1390//1531
f 1390//1531 1387//1531 1391//1531
f 1387//1532 1388//1532 1391//1532
f 1391//1533 1388//1533 1392//1533
f 1389//1534 1390//1534 1393//1534
f 1393//1535 1390//1535 1394//1535
f 1390//1347 1391//1347 1394//1347
f 1394//1316 1391//1316 1395//1316
f 1391//1536 1392//1536 1395//1536
f 1395//1537 1392//1537 1396//1537
f 1393//1538 1394//1538 1397//1538
f 1397//1539 1394//1539 1398//1539
f 1394//1540 1395//1540 1398//1540
f 1398//1541 1395//1541 1399//1541
f 1395//1542 1396//1542 1399//1542
f 1399//1543 1396//1543 1400//1543
f 1397//1544 1398//1544 1401//1544
f 1401//1545 1398//1545 1402//1545
f 1398//1546 1399//1546 1402//1546
f 1402//1546 1399//1546 1403//1546
f 1399//1547 1400//1547 1403//1547
f 1403//1548 1400//1548 1404//1548
f 1401//1549 1402//1549 1405//1549
f 1405//1550 1402//1550 1406//1550
f 1402//1551 1403//1551 1406//1551
f 1406//1551 1403//1551 1407//1551
f 1403//1552 1404//1552 1407//1552
f 1407//1553 1404//1553 1408//1553
f 1405//1554 1406//1554 1409//1554
f 1409//1555 1406//1555 1410//1555
f 1406//1556 1407//1556 1410//1556
f 1410//1556 1407//1556 1411//1556
f 1407//1557 1408//1557 1411//1557
f 1411//1558 1408//1558 1412//1558
f 1409//1559 1410//1559 1413//1559
f 1413//1560 1410//1560 1414//1560
f 1410//1311 1411//1311 1414//1311
f 1414//1311 1411//1311 1415//1311
f 1411//1561 1412//1561 1415//1561
f 1415//1562 1412//1562 1416//1562
f 1413//1563 1414//1563 1417//1563
f 1417//1564 1414//1564 1418//1564
f 1414//1393 1415//1393 1418//1393
f 1418//1326 1415//1326 1419//1326
f 1415//1565 1416//1565 1419//1565
f 1419//1566 1416//1566 1420//1566
f 1417//1567 1418//1567 1421//1567
f 1421//1568 1418//1568 1422//1568
f 1418//1356 1419//1356 1422//1356
f 1422//1356 1419//1356 1423//1356
f 1419//1569 1420//1569 1423//1569
f 1423//1570 1420//1570 1424//1570
f 1421//1571 1422//1571 1425//1571
f 1425//1572 1422//1572 1426//1572
f 1422//1342 1423//1342 1426//1342
f 1426//1342 1423//1342 1427//1342
f 1423//1573 1424//1573 1427//1573
f 1427//1574 1424//1574 1428//1574
f 1425//1575 1426//1575 1//1575
f 1//1576 1426//1576 2//1576
f 1426//1577 1427//1577 2//1577
f 2//1577 1427//1577 5//1577
f 1427//1578 1428//1578 5//1578
f 5//1579 1428//1579 7//1579
f 1429//1580 1430//1580 7//1580
f 1429//1580 1431//1580 1430//1580
f 1431//1580 16//1580 1430//1580
f 1431//1580 1432//1580 16//1580
f 1432//1580 1433//1580 16//1580
f 1432//1580 1434//1580 1433//1580
f 1434//1580 28//1580 1433//1580
f 1434//1580 1435//1580 28//1580
f 1435//1580 1436//1580 28//1580
f 1435//1580 1437//1580 1436//1580
f 1437//1580 40//1580 1436//1580
f 1437//1580 1438//1580 40//1580
f 1438//1580 1439//1580 40//1580
f 1438//1580 1440//1580 1439//1580
f 1440//1580 52//1580 1439//1580
f 1440//1580 1441//1580 52//1580
f 1441//1580 1442//1580 52//1580
f 1441//1580 1443//1580 1442//1580
f 1443//1580 64//1580 1442//1580
f 1443//1580 1444//1580 64//1580
f 1444//1580 1445//1580 64//1580
f 1444//1580 1446//1580 1445//1580
f 1446//1580 76//1580 1445//1580
f 1446//1580 1447//1580 76//1580
f 1447//1580 1448//1580 76//1580
f 1447//1580 1449//1580 1448//1580
f 1449//1580 88//1580 1448//1580
f 1449//1580 1450//1580 88//1580
f 1450//1580 1451//1580 88//1580
f 1450//1580 1452//1580 1451//1580
f 1452//1580 100//1580 1451//1580
f 1452//1580 1453//1580 100//1580
f 1453//1580 1454//1580 100//1580
f 1453//1580 1455//1580 1454//1580
f 1455//1580 112//1580 1454//1580
f 1455//1580 1456//1580 112//1580
f 1456//1580 1457//1580 112//1580
f 1456//1580 1458//1580 1457//1580
f 1458//1580 122//1580 1457//1580
f 1458//1580 1459//1580 122//1580
f 1459//1580 1460//1580 122//1580
f 1459//1580 1461//1580 1460//1580
f 1461//1580 134//1580 1460//1580
f 1461//1580 1462//1580 134//1580
f 1462//1580 1463//1580 134//1580
f 1462//1580 1464//1580 1463//1580
f 1464//1580 146//1580 1463//1580
f 1464//1580 1465//1580 146//1580
f 1465//1580 1466//1580 146//1580
f 1465//1580 1467//1580 1466//1580
f 1467//1580 158//1580 1466//1580
f 1467//1580 1468//1580 158//1580
f 1468//1580 1469//1580 158//1580
f 1468//1580 1470//1580 1469//1580
f 1470//1580 170//1580 1469//1580
f 1470//1580 1471//1580 170//1580
f 1471//1580 1472//1580 170//1580
f 1471//1580 1473//1580 1472//1580
f 1473//1580 182//1580 1472//1580
f 1473//1580 1474//1580 182//1580
f 1474//1580 1475//1580 182//1580
f 1474//1580 1476//1580 1475//1580
f 1476//1580 194//1580 1475//1580
f 1476//1580 1477//1580 194//1580
f 1477//1580 1478//1580 194//1580
f 1477//1580 1479//1580 1478//1580
f 1479//1580 206//1580 1478//1580
f 1479//1580 1480//1580 206//1580
f 1480//1580 1481//1580 206//1580
f 1480//1580 1482//1580 1481//1580
f 1482//1580 218//1580 1481//1580
f 1482//1580 1483//1580 218//1580
f 1483//1580 1484//1580 218//1580
f 1483//1580 1485//1580 1484//1580
f 1485//1580 230//1580 1484//1580
f 1485//1580 1486//1580 230//1580
f 1486//1580 1487//1580 230//1580
f 1486//1580 1488//1580 1487//1580
f 1488//1580 242//1580 1487//1580
f 1488//1580 1489//1580 242//1580
f 1489//1580 1490//1580 242//1580
f 1489//1580 1491//1580 1490//1580
f 1491//1580 254//1580 1490//1580
f 1491//1580 1492//1580 254//1580
f 1492//1580 1493//1580 254//1580
f 1492//1580 1494//1580 1493//1580
f 1494//1580 266//1580 1493//1580
f 1494//1580 1495//1580 266//1580
f 1495//1580 1496//1580 266//1580
f 1495//1580 1497//1580 1496//1580
f 1497//1580 278//1580 1496//1580
f 1497//1580 1498//1580 278//1580
f 1498//1580 1499//1580 278//1580
f 1498//1580 1500//1580 1499//1580
f 1500//1580 290//1580 1499//1580
f 1500//1580 1501//1580 290//1580
f 1501//1580 1502//1580 290//1580
f 1501//1580 1503//1580 1502//1580
f 1503//1580 302//1580 1502//1580
f 1503//1580 1504//1580 302//1580
f 1504//1580 1505//1580 302//1580
f 1504//1580 1506//1580 1505//1580
f 1506//1580 314//1580 1505//1580
f 1506//1580 1507//1580 314//1580
f 1507//1580 1508//1580 314//1580
f 1507//1580 1509//1580 1508//1580
f 1509//1580 326//1580 1508//1580
f 1509//1580 1510//1580 326//1580
f 1510//1580 1511//1580 326//1580
f 1510//1580 1512//1580 1511//1580
f 1512//1580 338//1580 1511//1580
f 1512//1580 1513//1580 338//1580
f 1513//1580 1514//1580 338//1580
f 1513//1580 1515//1580 1514//1580
f 1515//1580 350//1580 1514//1580
f 1515//1580 1516//1580 350//1580
f 1516//1580 1517//1580 350//1580
f 1516//1580 1518//1580 1517//1580
f 1518//1580 360//1580 1517//1580
f 1518//1580 1519//1580 360//1580
f 1519//1580 1520//1580 360//1580
f 1519//1580 1521//1580 1520//1580
f 1521//1580 372//1580 1520//1580
f 1521//1580 1522//1580 372//1580
f 1522//1580 1523//1580 372//1580
f 1522//1580 1524//1580 1523//1580
f 1524//1580 384//1580 1523//1580
f 1524//1580 1525//1580 384//1580
f 1525//1580 1526//1580 384//1580
f 1525//1580 1527//1580 1526//1580
f 1527//1580 396//1580 1526//1580
f 1527//1580 1528//1580 396//1580
f 1528//1580 1529//1580 396//1580
f 1528//1580 1530//1580 1529//1580
f 1530//1580 408//1580 1529//1580
f 1530//1580 1531//1580 408//1580
f 1531//1580 1532//1580 408//1580
f 1531//1580 1533//1580 1532//1580
f 1533//1580 420//1580 1532//1580
f 1533//1580 1534//1580 420//1580
f 1534//1580 1535//1580 420//1580
f 1534//1580 1536//1580 1535//1580
f 1536//1580 432//1580 1535//1580
f 1536//1580 1537//1580 432//1580
f 1537//1580 1538//1580 432//1580
f 1537//1580 1539//1580 1538//1580
f 1539//1580 444//1580 1538//1580
f 1539//1580 1540//1580 444//1580
f 1540//1580 1541//1580 444//1580
f 1540//1580 1542//1580 1541//1580
f 1542//1580 456//1580 1541//1580
f 1542//1580 1543//1580 456//1580
f 1543//1580 1544//1580 456//1580
f 1543//1580 1545//1580 1544//1580
f 1545//1580 468//1580 1544//1580
f 1545//1580 1546//1580 468//1580
f 1546//1580 1547//1580 468//1580
f 1546//1580 1548//1580 1547//1580
f 1548//1580 480//1580 1547//1580
f 1548//1580 1549//1580 480//1580
f 1549//1580 1550//1580 480//1580
f 1549//1580 1551//1580 1550//1580
f 1551//1580 492//1580 1550//1580
f 1551//1580 1552//1580 492//1580
f 1552//1580 1553//1580 492//1580
f 1552//1580 1554//1580 1553//1580
f 1554//1580 504//1580 1553//1580
f 1554//1580 1555//1580 504//1580
f 1555//1580 1556//1580 504//1580
f 1555//1580 1557//1580 1556//1580
f 1557//1580 516//1580 1556//1580
f 1557//1580 1558//1580 516//1580
f 1558//1580 1559//1580 516//1580
f 1558//1580 1560//1580 1559//1580
f 1560//1580 528//1580 1559//1580
f 1560//1580 1561//1580 528//1580
f 1561//1580 1562//1580 528//1580
f 1561//1580 1563//1580 1562//1580
f 1563//1580 540//1580 1562//1580
f 1563//1580 1564//1580 540//1580
f 1564//1580 1565//1580 540//1580
f 1564//1580 1566//1580 1565//1580
f 1566//1580 552//1580 1565//1580
f 1566//1580 1567//1580 552//1580
f 1567//1580 1568//1580 552//1580
f 1567//1580 1569//1580 1568//1580
f 1569//1580 564//1580 1568//1580
f 1569//1580 1570//1580 564//1580
f 1570//1580 1571//1580 564//1580
f 1570//1580 1572//1580 1571//1580
f 1572//1580 576//1580 1571//1580
f 1572//1580 1573//1580 576//1580
f 1573//1580 1574//1580 576//1580
f 1573//1580 1575//1580 1574//1580
f 1575//1580 588//1580 1574//1580
f 1575//1580 1576//1580 588//1580
f 1576//1580 1577//1580 588//1580
f 1576//1580 1578//1580 1577//1580
f 1578//1580 598//1580 1577//1580
f 1578//1580 1579//1580 598//1580
f 1579//1580 1580//1580 598//1580
f 1579//1580 1581//1580 1580//1580
f 1581//1580 610//1580 1580//1580
f 1581//1580 1582//1580 610//1580
f 1582//1580 1583//1580 610//1580
f 1582//1580 1584//1580 1583//1580
f 1584//1580 622//1580 1583//1580
f 1584//1580 1585//1580 622//1580
f 1585//1580 1586//1580 622//1580
f 1585//1580 1587//1580 1586//1580
f 1587//1580 634//1580 1586//1580
f 1587//1580 1588//1580 634//1580
f 1588//1580 1589//1580 634//1580
f 1588//1580 1590//1580 1589//1580
f 1590//1580 646//1580 1589//1580
f 1590//1580 1591//1580 646//1580
f 1591//1580 1592//1580 646//1580
f 1591//1580 1593//1580 1592//1580
f 1593//1580 658//1580 1592//1580
f 1593//1580 1594//1580 658//1580
f 1594//1580 1595//1580 658//1580
f 1594//1580 1596//1580 1595//1580
f 1596//1580 670//1580 1595//1580
f 1596//1580 1597//1580 670//1580
f 1597//1580 1598//1580 670//1580
f 1597//1580 1599//1580 1598//1580
f 1599//1580 682//1580 1598//1580
f 1599//1580 1600//1580 682//1580
f 1600//1580 1601//1580 682//1580
f 1600//1580 1602//1580 1601//1580
f 1602//1580 694//1580 1601//1580
f 1602//1580 1603//1580 694//1580
f 1603//1580 1604//1580 694//1580
f 1603//1580 1605//1580 1604//1580
f 1605//1580 706//1580 1604//1580
f 1605//1580 1606//1580 706//1580
f 1606//1580 1607//1580 706//1580
f 1606//1580 1608//1580 1607//1580
f 1608//1580 718//1580 1607//1580
f 1608//1580 1609//1580 718//1580
f 1609//1580 1610//1580 718//1580
f 1609//1580 1611//1580 1610//1580
f 1611//1580 730//1580 1610//1580
f 1611//1580 1612//1580 730//1580
f 1612//1580 1613//1580 730//1580
f 1612//1580 1614//1580 1613//1580
f 1614//1580 742//1580 1613//1580
f 1614//1580 1615//1580 742//1580
f 1615//1580 1616//1580 742//1580
f 1615//1580 1617//1580 1616//1580
f 1617//1580 754//1580 1616//1580
f 1617//1580 1618//1580 754//1580
f 1618//1580 1619//1580 754//1580
f 1618//1580 1620//1580 1619//1580
f 1620//1580 766//1580 1619//1580
f 1620//1580 1621//1580 766//1580
f 1621//1580 1622//1580 766//1580
f 1621//1580 1623//1580 1622//1580
f 1623//1580 778//1580 1622//1580
f 1623//1580 1624//1580 778//1580
f 1624//1580 1625//1580 778//1580
f 1624//1580 1626//1580 1625//1580
f 1626//1580 790//1580 1625//1580
f 1626//1580 1627//1580 790//1580
f 1627//1580 1628//1580 790//1580
f 1627//1580 1629//1580 1628//1580
f 1629//1580 802//1580 1628//1580
f 1629//1580 1630//1580 802//1580
f 1630//1580 1631//1580 802//1580
f 1630//1580 1632//1580 1631//1580
f 1632//1580 814//1580 1631//1580
f 1632//1580 1633//1580 814//1580
f 1633//1580 1634//1580 814//1580
f 1633//1580 1635//1580 1634//1580
f 1635//1580 826//1580 1634//1580
f 1635//1580 1636//1580 826//1580
f 1636//1580 1637//1580 826//1580
f 1636//1580 1638//1580 1637//1580
f 1638//1580 836//1580 1637//1580
f 1638//1580 1639//1580 836//1580
f 1639//1580 1640//1580 836//1580
f 1639//1580 1641//1580 1640//1580
f 1641//1580 848//1580 1640//1580
f 1641//1580 1642//1580 848//1580
f 1642//1580 1643//1580 848//1580
f 1642//1580 1644//1580 1643//1580
f 1644//1580 860//1580 1643//1580
f 1644//1580 1645//1580 860//1580
f 1645//1580 1646//1580 860//1580
f 1645//1580 1647//1580 1646//1580
f 1647//1580 872//1580 1646//1580
f 1647//1580 1648//1580 872//1580
f 1648//1580 1649//1580 872//1580
f 1648//1580 1650//1580 1649//1580
f 1650//1580 884//1580 1649//1580
f 1650//1580 1651//1580 884//1580
f 1651//1580 1652//1580 884//1580
f 1651//1580 1653//1580 1652//1580
f 1653//1580 896//1580 1652//1580
f 1653//1580 1654//1580 896//1580
f 1654//1580 1655//1580 896//1580
f 1654//1580 1656//1580 1655//1580
f 1656//1580 908//1580 1655//1580
f 1656//1580 1657//1580 908//1580
f 1657//1580 1658//1580 908//1580
f 1657//1580 1659//1580 1658//1580
f 1659//1580 920//1580 1658//1580
f 1659//1580 1660//1580 920//1580
f 1660//1580 1661//1580 920//1580
f 1660//1580 1662//1580 1661//1580
f 1662//1580 932//1580 1661//1580
f 1662//1580 1663//1580 932//1580
f 1663//1580 1664//1580 932//1580
f 1663//1580 1665//1580 1664//1580
f 1665//1580 944//1580 1664//1580
f 1665//1580 1666//1580 944//1580
f 1666//1580 1667//1580 944//1580
f 1666//1580 1668//1580 1667//1580
f 1668//1580 956//1580 1667//1580
f 1668//1580 1669//1580 956//1580
f 1669//1580 1670//1580 956//1580
f 1669//1580 1671//1580 1670//1580
f 1671//1580 968//1580 1670//1580
f 1671//1580 1672//1580 968//1580
f 1672//1580 1673//1580 968//1580
f 1672//1580 1674//1580 1673//1580
f 1674//1580 980//1580 1673//1580
f 1674//1580 1675//1580 980//1580
f 1675//1580 1676//1580 980//1580
f 1675//1580 1677//1580 1676//1580
f 1677//1580 992//1580 1676//1580
f 1677//1580 1678//1580 992//1580
f 1678//1580 1679//1580 992//1580
f 1678//1580 1680//1580 1679//1580
f 1680//1580 1004//1580 1679//1580
f 1680//1580 1681//1580 1004//1580
f 1681//1580 1682//1580 1004//1580
f 1681//1580 1683//1580 1682//1580
f 1683//1580 1016//1580 1682//1580
f 1683//1580 1684//1580 1016//1580
f 1684//1580 1685//1580 1016//1580
f 1684//1580 1686//1580 1685//1580
f 1686//1580 1028//1580 1685//1580
f 1686//1580 1687//1580 1028//1580
f 1687//1580 1688//1580 1028//1580
f 1687//1580 1689//1580 1688//1580
f 1689//1580 1040//1580 1688//1580
f 1689//1580 1690//1580 1040//1580
f 1690//1580 1691//1580 1040//1580
f 1690//1580 1692//1580 1691//1580
f 1692//1580 1052//1580 1691//1580
f 1692//1580 1693//1580 1052//1580
f 1693//1580 1694//1580 1052//1580
f 1693//1580 1695//1580 1694//1580
f 1695//1580 1064//1580 1694//1580
f 1695//1580 1696//1580 1064//1580
f 1696//1580 1697//1580 1064//1580
f 1696//1580 1698//1580 1697//1580
f 1698//1580 1074//1580 1697//1580
f 1698//1580 1699//1580 1074//1580
f 1699//1580 1700//1580 1074//1580
f 1699//1580 1701//1580 1700//1580
f 1701//1580 1086//1580 1700//1580
f 1701//1580 1702//1580 1086//1580
f 1702//1580 1703//1580 1086//1580
f 1702//1580 1704//1580 1703//1580
f 1704//1580 1098//1580 1703//1580
f 1704//1580 1705//1580 1098//1580
f 1705//1580 1706//1580 1098//1580
f 1705//1580 1707//1580 1706//1580
f 1707//1580 1110//1580 1706//1580
f 1707//1580 1708//1580 1110//1580
f 1708//1580 1709//1580 1110//1580
f 1708//1580 1710//1580 1709//1580
f 1710//1580 1122//1580 1709//1580
f 1710//1580 1711//1580 1122//1580
f 1711//1580 1712//1580 1122//1580
f 1711//1580 1713//1580 1712//1580
f 1713//1580 1134//1580 1712//1580
f 1713//1580 1714//1580 1134//1580
f 1714//1580 1715//1580 1134//1580
f 1714//1580 1716//1580 1715//1580
f 1716//1580 1146//1580 1715//1580
f 1716//1580 1717//1580 1146//1580
f 1717//1580 1718//1580 1146//1580
f 1717//1580 1719//1580 1718//1580
f 1719//1580 1158//1580 1718//1580
f 1719//1580 1720//1580 1158//1580
f 1720//1580 1721//1580 1158//1580
f 1720//1580 1722//1580 1721//1580
f 1722//1580 1170//1580 1721//1580
f 1722//1580 1723//1580 1170//1580
f 1723//1580 1724//1580 1170//1580
f 1723//1580 1725//1580 1724//1580
f 1725//1580 1182//1580 1724//1580
f 1725//1580 1726//1580 1182//1580
f 1726//1580 1727//1580 1182//1580
f 1726//1580 1728//1580 1727//1580
f 1728//1580 1194//1580 1727//1580
f 1728//1580 1729//1580 1194//1580
f 1729//1580 1730//1580 1194//1580
f 1729//1580 1731//1580 1730//1580
f 1731//1580 1206//1580 1730//1580
f 1731//1580 1732//1580 1206//1580
f 1732//1580 1733//1580 1206//1580
f 1732//1580 1734//1580 1733//1580
f 1734//1580 1218//1580 1733//1580
f 1734//1580 1735//1580 1218//1580
f 1735//1580 1736//1580 1218//1580
f 1735//1580 1737//1580 1736//1580
f 1737//1580 1230//1580 1736//1580
f 1737//1580 1738//1580 1230//1580
f 1738//1580 1739//1580 1230//1580
f 1738//1580 1740//1580 1739//1580
f 1740//1580 1242//1580 1739//1580
f 1740//1580 1741//1580 1242//1580
f 1741//1580 1742//1580 1242//1580
f 1741//1580 1743//1580 1742//1580
f 1743//1580 1254//1580 1742//1580
f 1743//1580 1744//1580 1254//1580
f 1744//1580 1745//1580 1254//1580
f 1744//1580 1746//1580 1745//1580
f 1746//1580 1266//1580 1745//1580
f 1746//1580 1747//1580 1266//1580
f 1747//1580 1748//1580 1266//1580
f 1747//1580 1749//1580 1748//1580
f 1749//1580 1278//1580 1748//1580
f 1749//1580 1750//1580 1278//1580
f 1750//1580 1751//1580 1278//1580
f 1750//1580 1752//1580 1751//1580
f 1752//1580 1290//1580 1751//1580
f 1752//1580 1753//1580 1290//1580
f 1753//1580 1754//1580 1290//1580
f 1753//1580 1755//1580 1754//1580
f 1755//1580 1302//1580 1754//1580
f 1755//1580 1756//1580 1302//1580
f 1756//1580 1757//1580 1302//1580
f 1756//1580 1758//1580 1757//1580
f 1758//1580 1312//1580 1757//1580
f 1758//1580 1759//1580 1312//1580
f 1759//1580 1760//1580 1312//1580
f 1759//1580 1761//1580 1760//1580
f 1761//1580 1324//1580 1760//1580
f 1761//1580 1762//1580 1324//1580
f 1762//1580 1763//1580 1324//1580
f 1762//1580 1764//1580 1763//1580
f 1764//1580 1336//1580 1763//1580
f 1764//1580 1765//1580 1336//1580
f 1765//1580 1766//1580 1336//1580
f 1765//1580 1767//1580 1766//1580
f 1767//1580 1348//1580 1766//1580
f 1767//1580 1768//1580 1348//1580
f 1768//1580 1769//1580 1348//1580
f 1768//1580 1770//1580 1769//1580
f 1770//1580 1360//1580 1769//1580
f 1770//1580 1771//1580 1360//1580
f 1771//1580 1772//1580 1360//1580
f 1771//1580 1773//1580 1772//1580
f 1773//1580 1372//1580 1772//1580
f 1773//1580 1774//1580 1372//1580
f 1774//1580 1775//1580 1372//1580
f 1774//1580 1776//1580 1775//1580
f 1776//1580 1384//1580 1775//1580
f 1776//1580 1777//1580 1384//1580
f 1777//1580 1778//1580 1384//1580
f 1777//1580 1779//1580 1778//1580
f 1779//1580 1396//1580 1778//1580
f 1779//1580 1780//1580 1396//1580
f 1780//1580 1781//1580 1396//1580
f 1780//1580 1782//1580 1781//1580
f 1782//1580 1408//1580 1781//1580
f 1782//1580 1783//1580 1408//1580
f 1783//1580 1784//1580 1408//1580
f 1783//1580 1785//1580 1784//1580
f 1785//1580 1420//1580 1784//1580
f 1785//1580 1786//1580 1420//1580
f 1786//1580 1787//1580 1420//1580
f 1786//1580 1788//1580 1787//1580
f 1788//1580 7//1580 1787//1580
f 1788//1580 1429//1580 7//1580
f 1789//1581 1//1581 1790//1581
f 1789//1581 1790//1581 1791//1581
f 1791//1581 1790//1581 13//1581
f 1791//1581 13//1581 1792//1581
f 1792//1581 13//1581 1793//1581
f 1792//1581 1793//1581 1794//1581
f 1794//1581 1793//1581 25//1581
f 1794//1581 25//1581 1795//1581
f 1795//1581 25//1581 1796//1581
f 1795//1581 1796//1581 1797//1581
f 1797//1581 1796//1581 37//1581
f 1797//1581 37//1581 1798//1581
f 1798//1581 37//1581 1799//1581
f 1798//1581 1799//1581 1800//1581
f 1800//1581 1799//1581 49//1581
f 1800//1581 49//1581 1801//1581
f 1801//1581 49//1581 1802//1581
f 1801//1581 1802//1581 1803//1581
f 1803//1581 1802//1581 61//1581
f 1803//1581 61//1581 1804//1581
f 1804//1581 61//1581 1805//1581
f 1804//1581 1805//1581 1806//1581
f 1806//1581 1805//1581 73//1581
f 1806//1581 73//1581 1807//1581
f 1807//1581 73//1581 1808//1581
f 1807//1581 1808//1581 1809//1581
f 1809//1581 1808//1581 85//1581
f 1809//1581 85//1581 1810//1581
f 1810//1581 85//1581 1811//1581
f 1810//1581 1811//1581 1812//1581
f 1812//1581 1811//1581 97//1581
f 1812//1581 97//1581 1813//1581
f 1813//1581 97//1581 1814//1581
f 1813//1581 1814//1581 1815//1581
f 1815//1581 1814//1581 109//1581
f 1815//1581 109//1581 1816//1581
f 1816//1581 109//1581 1817//1581
f 1816//1581 1817//1581 1818//1581
f 1818//1581 1817//1581 121//1581
f 1818//1581 121//1581 1819//1581
f 1819//1581 121//1581 1820//1581
f 1819//1581 1820//1581 1821//1581
f 1821//1581 1820//1581 131//1581
f 1821//1581 131//1581 1822//1581
f 1822//1581 131//1581 1823//1581
f 1822//1581 1823//1581 1824//1581
f 1824//1581 1823//1581 143//1581
f 1824//1581 143//1581 1825//1581
f 1825//1581 143//1581 1826//1581
f 1825//1581 1826//1581 1827//1581
f 1827//1581 1826//1581 155//1581
f 1827//1581 155//1581 1828//1581
f 1828//1581 155//1581 1829//1581
f 1828//1581 1829//1581 1830//1581
f 1830//1581 1829//1581 167//1581
f 1830//1581 167//1581 1831//1581
f 1831//1581 167//1581 1832//1581
f 1831//1581 1832//1581 1833//1581
f 1833//1581 1832//1581 179//1581
f 1833//1581 179//1581 1834//1581
f 1834//1581 179//1581 1835//1581
f 1834//1581 1835//1581 1836//1581
f 1836//1581 1835//1581 191//1581
f 1836//1581 191//1581 1837//1581
f 1837//1581 191//1581 1838//1581
f 1837//1581 1838//1581 1839//1581
f 1839//1581 1838//1581 203//1581
f 1839//1581 203//1581 1840//1581
f 1840//1581 203//1581 1841//1581
f 1840//1581 1841//1581 1842//1581
f 1842//1581 1841//1581 215//1581
f 1842//1581 215//1581 1843//1581
f 1843//1581 215//1581 1844//1581
f 1843//1581 1844//1581 1845//1581
f 1845//1581 1844//1581 227//1581
f 1845//1581 227//1581 1846//1581
f 1846//1581 227//1581 1847//1581
f 1846//1581 1847//1581 1848//1581
f 1848//1581 1847//1581 239//1581
f 1848//1581 239//1581 1849//1581
f 1849//1581 239//1581 1850//1581
f 1849//1581 1850//1581 1851//1581
f 1851//1581 1850//1581 251//1581
f 1851//1581 251//1581 1852//1581
f 1852//1581 251//1581 1853//1581
f 1852//1581 1853//1581 1854//1581
f 1854//1581 1853//1581 263//1581
f 1854//1581 263//1581 1855//1581
f 1855//1581 263//1581 1856//1581
f 1855//1581 1856//1581 1857//1581
f 1857//1581 1856//1581 275//1581
f 1857//1581 275//1581 1858//1581
f 1858//1581 275//1581 1859//1581
f 1858//1581 1859//1581 1860//1581
f 1860//1581 1859//1581 287//1581
f 1860//1581 287//1581 1861//1581
f 1861//1581 287//1581 1862//1581
f 1861//1581 1862//1581 1863//1581
f 1863//1581 1862//1581 299//1581
f 1863//1581 299//1581 1864//1581
f 1864//1581 299//1581 1865//1581
f 1864//1581 1865//1581 1866//1581
f 1866//1581 1865//1581 311//1581
f 1866//1581 311//1581 1867//1581
f 1867//1581 311//1581 1868//1581
f 1867//1581 1868//1581 1869//1581
f 1869//1581 1868//1581 323//1581
f 1869//1581 323//1581 1870//1581
f 1870//1581 323//1581 1871//1581
f 1870//1581 1871//1581 1872//1581
f 1872//1581 1871//1581 335//1581
f 1872//1581 335//1581 1873//1581
f 1873//1581 335//1581 1874//1581
f 1873//1581 1874//1581 1875//1581
f 1875//1581 1874//1581 347//1581
f 1875//1581 347//1581 1876//1581
f 1876//1581 347//1581 1877//1581
f 1876//1581 1877//1581 1878//1581
f 1878//1581 1877//1581 359//1581
f 1878//1581 359//1581 1879//1581
f 1879//1581 359//1581 1880//1581
f 1879//1581 1880//1581 1881//1581
f 1881//1581 1880//1581 369//1581
f 1881//1581 369//1581 1882//1581
f 1882//1581 369//1581 1883//1581
f 1882//1581 1883//1581 1884//1581
f 1884//1581 1883//1581 381//1581
f 1884//1581 381//1581 1885//1581
f 1885//1581 381//1581 1886//1581
f 1885//1581 1886//1581 1887//1581
f 1887//1581 1886//1581 393//1581
f 1887//1581 393//1581 1888//1581
f 1888//1581 393//1581 1889//1581
f 1888//1581 1889//1581 1890//1581
f 1890//1581 1889//1581 405//1581
f 1890//1581 405//1581 1891//1581
f 1891//1581 405//1581 1892//1581
f 1891//1581 1892//1581 1893//1581
f 1893//1581 1892//1581 417//1581
f 1893//1581 417//1581 1894//1581
f 1894//1581 417//1581 1895//1581
f 1894//1581 1895//1581 1896//1581
f 1896//1581 1895//1581 429//1581
f 1896//1581 429//1581 1897//1581
f 1897//1581 429//1581 1898//1581
f 1897//1581 1898//1581 1899//1581
f 1899//1581 1898//1581 441//1581
f 1899//1581 441//1581 1900//1581
f 1900//1581 441//1581 1901//1581
f 1900//1581 1901//1581 1902//1581
f 1902//1581 1901//1581 453//1581
f 1902//1581 453//1581 1903//1581
f 1903//1581 453//1581 1904//1581
f 1903//1581 1904//1581 1905//1581
f 1905//1581 1904//1581 465//1581
f 1905//1581 465//1581 1906//1581
f 1906//1581 465//1581 1907//1581
f 1906//1581 1907//1581 1908//1581
f 1908//1581 1907//1581 477//1581
f 1908//1581 477//1581 1909//1581
f 1909//1581 477//1581 1910//1581
f 1909//1581 1910//1581 1911//1581
f 1911//1581 1910//1581 489//1581
f 1911//1581 489//1581 1912//1581
f 1912//1581 489//1581 1913//1581
f 1912//1581 1913//1581 1914//1581
f 1914//1581 1913//1581 501//1581
f 1914//1581 501//1581 1915//1581
f 1915//1581 501//1581 1916//1581
f 1915//1581 1916//1581 1917//1581
f 1917//1581 1916//1581 513//1581
f 1917//1581 513//1581 1918//1581
f 1918//1581 513//1581 1919//1581
f 1918//1581 1919//1581 1920//1581
f 1920//1581 1919//1581 525//1581
f 1920//1581 525//1581 1921//1581
f 1921//1581 525//1581 1922//1581
f 1921//1581 1922//1581 1923//1581
f 1923//1581 1922//1581 537//1581
f 1923//1581 537//1581 1924//1581
f 1924//1581 537//1581 1925//1581
f 1924//1581 1925//1581 1926//1581
f 1926//1581 1925//1581 549//1581
f 1926//1581 549//1581 1927//1581
f 1927//1581 549//1581 1928//1581
f 1927//1581 1928//1581 1929//1581
f 1929//1581 1928//1581 561//1581
f 1929//1581 561//1581 1930//1581
f 1930//1581 561//1581 1931//1581
f 1930//1581 1931//1581 1932//1581
f 1932//1581 1931//1581 573//1581
f 1932//1581 573//1581 1933//1581
f 1933//1581 573//1581 1934//1581
f 1933//1581 1934//1581 1935//1581
f 1935//1581 1934//1581 585//1581
f 1935//1581 585//1581 1936//1581
f 1936//1581 585//1581 1937//1581
f 1936//1581 1937//1581 1938//1581
f 1938//1581 1937//1581 597//1581
f 1938//1581 597//1581 1939//1581
f 1939//1581 597//1581 1940//1581
f 1939//1581 1940//1581 1941//1581
f 1941//1581 1940//1581 607//1581
f 1941//1581 607//1581 1942//1581
f 1942//1581 607//1581 1943//1581
f 1942//1581 1943//1581 1944//1581
f 1944//1581 1943//1581 619//1581
f 1944//1581 619//1581 1945//1581
f 1945//1581 619//1581 1946//1581
f 1945//1581 1946//1581 1947//1581
f 1947//1581 1946//1581 631//1581
f 1947//1581 631//1581 1948//1581
f 1948//1581 631//1581 1949//1581
f 1948//1581 1949//1581 1950//1581
f 1950//1581 1949//1581 643//1581
f 1950//1581 643//1581 1951//1581
f 1951//1581 643//1581 1952//1581
f 1951//1581 1952//1581 1953//1581
f 1953//1581 1952//1581 655//1581
f 1953//1581 655//1581 1954//1581
f 1954//1581 655//1581 1955//1581
f 1954//1581 1955//1581 1956//1581
f 1956//1581 1955//1581 667//1581
f 1956//1581 667//1581 1957//1581
f 1957//1581 667//1581 1958//1581
f 1957//1581 1958//1581 1959//1581
f 1959//1581 1958//1581 679//1581
f 1959//1581 679//1581 1960//1581
f 1960//1581 679//1581 1961//1581
f 1960//1581 1961//1581 1962//1581
f 1962//1581 1961//1581 691//1581
f 1962//1581 691//1581 1963//1581
f 1963//1581 691//1581 1964//1581
f 1963//1581 1964//1581 1965//1581
f 1965//1581 1964//1581 703//1581
f 1965//1581 703//1581 1966//1581
f 1966//1581 703//1581 1967//1581
f 1966//1581 1967//1581 1968//1581
f 1968//1581 1967//1581 715//1581
f 1968//1581 715//1581 1969//1581
f 1969//1581 715//1581 1970//1581
f 1969//1581 1970//1581 1971//1581
f 1971//1581 1970//1581 727//1581
f 1971//1581 727//1581 1972//1581
f 1972//1581 727//1581 1973//1581
f 1972//1581 1973//1581 1974//1581
f 1974//1581 1973//1581 739//1581
f 1974//1581 739//1581 1975//1581
f 1975//1581 739//1581 1976//1581
f 1975//1581 1976//1581 1977//1581
f 1977//1581 1976//1581 751//1581
f 1977//1581 751//1581 1978//1581
f 1978//1581 751//1581 1979//1581
f 1978//1581 1979//1581 1980//1581
f 1980//1581 1979//1581 763//1581
f 1980//1581 763//1581 1981//1581
f 1981//1581 763//1581 1982//1581
f 1981//1581 1982//1581 1983//1581
f 1983//1581 1982//1581 775//1581
f 1983//1581 775//1581 1984//1581
f 1984//1581 775//1581 1985//1581
f 1984//1581 1985//1581 1986//1581
f 1986//1581 1985//1581 787//1581
f 1986//1581 787//1581 1987//1581
f 1987//1581 787//1581 1988//1581
f 1987//1581 1988//1581 1989//1581
f 1989//1581 1988//1581 799//1581
f 1989//1581 799//1581 1990//1581
f 1990//1581 799//1581 1991//1581
f 1990//1581 1991//1581 1992//1581
f 1992//1581 1991//1581 811//1581
f 1992//1581 811//1581 1993//1581
f 1993//1581 811//1581 1994//1581
f 1993//1581 1994//1581 1995//1581
f 1995//1581 1994//1581 823//1581
f 1995//1581 823//1581 1996//1581
f 1996//1581 823//1581 1997//1581
f 1996//1581 1997//1581 1998//1581
f 1998//1581 1997//1581 835//1581
f 1998//1581 835//1581 1999//1581
f 1999//1581 835//1581 2000//1581
f 1999//1581 2000//1581 2001//1581
f 2001//1581 2000//1581 845//1581
f 2001//1581 845//1581 2002//1581
f 2002//1581 845//1581 2003//1581
f 2002//1581 2003//1581 2004//1581
f 2004//1581 2003//1581 857//1581
f 2004//1581 857//1581 2005//1581
f 2005//1581 857//1581 2006//1581
f 2005//1581 2006//1581 2007//1581
f 2007//1581 2006//1581 869//1581
f 2007//1581 869//1581 2008//1581
f 2008//1581 869//1581 2009//1581
f 2008//1581 2009//1581 2010//1581
f 2010//1581 2009//1581 881//1581
f 2010//1581 881//1581 2011//1581
f 2011//1581 881//1581 2012//1581
f 2011//1581 2012//1581 2013//1581
f 2013//1581 2012//1581 893//1581
f 2013//1581 893//1581 2014//1581
f 2014//1581 893//1581 2015//1581
f 2014//1581 2015//1581 2016//1581
f 2016//1581 2015//1581 905//1581
f 2016//1581 905//1581 2017//1581
f 2017//1581 905//1581 2018//1581
f 2017//1581 2018//1581 2019//1581
f 2019//1581 2018//1581 917//1581
f 2019//1581 917//1581 2020//1581
f 2020//1581 917//1581 2021//1581
f 2020//1581 2021//1581 2022//1581
f 2022//1581 2021//1581 929//1581
f 2022//1581 929//1581 2023//1581
f 2023//1581 929//1581 2024//1581
f 2023//1581 2024//1581 2025//1581
f 2025//1581 2024//1581 941//1581
f 2025//1581 941//1581 2026//1581
f 2026//1581 941//1581 2027//1581
f 2026//1581 2027//1581 2028//1581
f 2028//1581 2027//1581 953//1581
f 2028//1581 953//1581 2029//1581
f 2029//1581 953//1581 2030//1581
f 2029//1581 2030//1581 2031//1581
f 2031//1581 2030//1581 965//1581
f 2031//1581 965//1581 2032//1581
f 2032//1581 965//1581 2033//1581
f 2032//1581 2033//1581 2034//1581
f 2034//1581 2033//1581 977//1581
f 2034//1581 977//1581 2035//1581
f 2035//1581 977//1581 2036//1581
f 2035//1581 2036//1581 2037//1581
f 2037//1581 2036//1581 989//1581
f 2037//1581 989//1581 2038//1581
f 2038//1581 989//1581 2039//1581
f 2038//1581 2039//1581 2040//1581
f 2040//1581 2039//1581 1001//1581
f 2040//1581 1001//1581 2041//1581
f 2041//1581 1001//1581 2042//1581
f 2041//1581 2042//1581 2043//1581
f 2043//1581 2042//1581 1013//1581
f 2043//1581 1013//1581 2044//1581
f 2044//1581 1013//1581 2045//1581
f 2044//1581 2045//1581 2046//1581
f 2046//1581 2045//1581 1025//1581
f 2046//1581 1025//1581 2047//1581
f 2047//1581 1025//1581 2048//1581
f 2047//1581 2048//1581 2049//1581
f 2049//1581 2048//1581 1037//1581
f 2049//1581 1037//1581 2050//1581
f 2050//1581 1037//1581 2051//1581
f 2050//1581 2051//1581 2052//1581
f 2052//1581 2051//1581 1049//1581
f 2052//1581 1049//1581 2053//1581
f 2053//1581 1049//1581 2054//1581
f 2053//1581 2054//1581 2055//1581
f 2055//1581 2054//1581 1061//1581
f 2055//1581 1061//1581 2056//1581
f 2056//1581 1061//1581 2057//1581
f 2056//1581 2057//1581 2058//1581
f 2058//1581 2057//1581 1073//1581
f 2058//1581 1073//1581 2059//1581
f 2059//1581 1073//1581 2060//1581
f 2059//1581 2060//1581 2061//1581
f 2061//1581 2060//1581 1083//1581
f 2061//1581 1083//1581 2062//1581
f 2062//1581 1083//1581 2063//1581
f 2062//1581 2063//1581 2064//1581
f 2064//1581 2063//1581 1095//1581
f 2064//1581 1095//1581 2065//1581
f 2065//1581 1095//1581 2066//1581
f 2065//1581 2066//1581 2067//1581
f 2067//1581 2066//1581 1107//1581
f 2067//1581 1107//1581 2068//1581
f 2068//1581 1107//1581 2069//1581
f 2068//1581 2069//1581 2070//1581
f 2070//1581 2069//1581 1119//1581
f 2070//1581 1119//1581 2071//1581
f 2071//1581 1119//1581 2072//1581
f 2071//1581 2072//1581 2073//1581
f 2073//1581 2072//1581 1131//1581
f 2073//1581 1131//1581 2074//1581
f 2074//1581 1131//1581 2075//1581
f 2074//1581 2075//1581 2076//1581
f 2076//1581 2075//1581 1143//1581
f 2076//1581 1143//1581 2077//1581
f 2077//1581 1143//1581 2078//1581
f 2077//1581 2078//1581 2079//1581
f 2079//1581 2078//1581 1155//1581
f 2079//1581 1155//1581 2080//1581
f 2080//1581 1155//1581 2081//1581
f 2080//1581 2081//1581 2082//1581
f 2082//1581 2081//1581 1167//1581
f 2082//1581 1167//1581 2083//1581
f 2083//1581 1167//1581 2084//1581
f 2083//1581 2084//1581 2085//1581
f 2085//1581 2084//1581 1179//1581
f 2085//1581 1179//1581 2086//1581
f 2086//1581 1179//1581 2087//1581
f 2086//1581 2087//1581 2088//1581
f 2088//1581 2087//1581 1191//1581
f 2088//1581 1191//1581 2089//1581
f 2089//1581 1191//1581 2090//1581
f 2089//1581 2090//1581 2091//1581
f 2091//1581 2090//1581 1203//1581
f 2091//1581 1203//1581 2092//1581
f 2092//1581 1203//1581 2093//1581
f 2092//1581 2093//1581 2094//1581
f 2094//1581 2093//1581 1215//1581
f 2094//1581 1215//1581 2095//1581
f 2095//1581 1215//1581 2096//1581
f 2095//1581 2096//1581 2097//1581
f 2097//1581 2096//1581 1227//1581
f 2097//1581 1227//1581 2098//1581
f 2098//1581 1227//1581 2099//1581
f 2098//1581 2099//1581 2100//1581
f 2100//1581 2099//1581 1239//1581
f 2100//1581 1239//1581 2101//1581
f 2101//1581 1239//1581 2102//1581
f 2101//1581 2102//1581 2103//1581
f 2103//1581 2102//1581 1251//1581
f 2103//1581 1251//1581 2104//1581
f 2104//1581 1251//1581 2105//1581
f 2104//1581 2105//1581 2106//1581
f 2106//1581 2105//1581 1263//1581
f 2106//1581 1263//1581 2107//1581
f 2107//1581 1263//1581 2108//1581
f 2107//1581 2108//1581 2109//1581
f 2109//1581 2108//1581 1275//1581
f 2109//1581 1275//1581 2110//1581
f 2110//1581 1275//1581 2111//1581
f 2110//1581 2111//1581 2112//1581
f 2112//1581 2111//1581 1287//1581
f 2112//1581 1287//1581 2113//1581
f 2113//1581 1287//1581 2114//1581
f 2113//1581 2114//1581 2115//1581
f 2115//1581 2114//1581 1299//1581
f 2115//1581 1299//1581 2116//1581
f 2116//1581 1299//1581 2117//1581
f 2116//1581 2117//1581 2118//1581
f 2118//1581 2117//1581 1311//1581
f 2118//1581 1311//1581 2119//1581
f 2119//1581 1311//1581 2120//1581
f 2119//1581 2120//1581 2121//1581
f 2121//1581 2120//1581 1321//1581
f 2121//1581 1321//1581 2122//1581
f 2122//1581 1321//1581 2123//1581
f 2122//1581 2123//1581 2124//1581
f 2124//1581 2123//1581 1333//1581
f 2124//1581 1333//1581 2125//1581
f 2125//1581 1333//1581 2126//1581
f 2125//1581 2126//1581 2127//1581
f 2127//1581 2126//1581 1345//1581
f 2127//1581 1345//1581 2128//1581
f 2128//1581 1345//1581 2129//1581
f 2128//1581 2129//1581 2130//1581
f 2130//1581 2129//1581 1357//1581
f 2130//1581 1357//1581 2131//1581
f 2131//1581 1357//1581 2132//1581
f 2131//1581 2132//1581 2133//1581
f 2133//1581 2132//1581 1369//1581
f 2133//1581 1369//1581 2134//1581
f 2134//1581 1369//1581 2135//1581
f 2134//1581 2135//1581 2136//1581
f 2136//1581 2135//1581 1381//1581
f 2136//1581 1381//1581 2137//1581
f 2137//1581 1381//1581 2138//1581
f 2137//1581 2138//1581 2139//1581
f 2139//1581 2138//1581 1393//1581
f 2139//1581 1393//1581 2140//1581
f 2140//1581 1393//1581 2141//1581
f 2140//1581 2141//1581 2142//1581
f 2142//1581 2141//1581 1405//1581
f 2142//1581 1405//1581 2143//1581
f 2143//1581 1405//1581 2144//1581
f 2143//1581 2144//1581 2145//1581
f 2145//1581 2144//1581 1417//1581
f 2145//1581 1417//1581 2146//1581
f 2146//1581 1417//1581 2147//1581
f 2146//1581 2147//1581 2148//1581
f 2148//1581 2147//1581 1//1581
f 2148//1581 1//1581 1789//1581
